-- MySQL dump 10.13  Distrib 8.0.33, for Linux (x86_64)
--
-- Host: localhost    Database: ACTIVO
-- ------------------------------------------------------
-- Server version	8.0.33

/*!40101 SET @OLD_CHARACTER_SET_CLIENT=@@CHARACTER_SET_CLIENT */;
/*!40101 SET @OLD_CHARACTER_SET_RESULTS=@@CHARACTER_SET_RESULTS */;
/*!40101 SET @OLD_COLLATION_CONNECTION=@@COLLATION_CONNECTION */;
/*!50503 SET NAMES utf8mb4 */;
/*!40103 SET @OLD_TIME_ZONE=@@TIME_ZONE */;
/*!40103 SET TIME_ZONE='+00:00' */;
/*!40014 SET @OLD_UNIQUE_CHECKS=@@UNIQUE_CHECKS, UNIQUE_CHECKS=0 */;
/*!40014 SET @OLD_FOREIGN_KEY_CHECKS=@@FOREIGN_KEY_CHECKS, FOREIGN_KEY_CHECKS=0 */;
/*!40101 SET @OLD_SQL_MODE=@@SQL_MODE, SQL_MODE='NO_AUTO_VALUE_ON_ZERO' */;
/*!40111 SET @OLD_SQL_NOTES=@@SQL_NOTES, SQL_NOTES=0 */;

--
-- Table structure for table `activo_dat`
--

DROP TABLE IF EXISTS `activo_dat`;
/*!40101 SET @saved_cs_client     = @@character_set_client */;
/*!50503 SET character_set_client = utf8mb4 */;
CREATE TABLE `activo_dat` (
  `id` int NOT NULL AUTO_INCREMENT,
  `codigo_activo` varchar(15) CHARACTER SET utf8mb4 COLLATE utf8mb4_0900_ai_ci NOT NULL,
  `descripcion` varchar(100) CHARACTER SET utf8mb4 COLLATE utf8mb4_0900_ai_ci NOT NULL,
  `codigo_ubic` varchar(20) DEFAULT NULL,
  `imagen` mediumblob,
  `nro_compra` varchar(255) DEFAULT NULL,
  `marca` varchar(255) DEFAULT NULL,
  `modelo` varchar(255) DEFAULT NULL,
  `serial` varchar(255) DEFAULT NULL,
  `vida_util` tinyint DEFAULT '0',
  `valor_inicial` float DEFAULT NULL,
  `valor_rescate` float DEFAULT NULL,
  `valor_libro` float DEFAULT NULL,
  `depre_anual` float DEFAULT NULL,
  `depre_acum` float DEFAULT NULL,
  `observacion` varchar(255) DEFAULT NULL,
  `desincorporado` tinyint DEFAULT '0',
  PRIMARY KEY (`id`),
  UNIQUE KEY `codigo_activo` (`codigo_activo`) USING BTREE,
  KEY `codigo_ubic` (`codigo_ubic`) USING BTREE,
  CONSTRAINT `fk_activo_ubicacion` FOREIGN KEY (`codigo_ubic`) REFERENCES `ubicacion_dat` (`codigo_ubic`) ON DELETE RESTRICT ON UPDATE RESTRICT
) ENGINE=InnoDB AUTO_INCREMENT=17 DEFAULT CHARSET=utf8mb4 COLLATE=utf8mb4_0900_ai_ci;
/*!40101 SET character_set_client = @saved_cs_client */;

--
-- Dumping data for table `activo_dat`
--

LOCK TABLES `activo_dat` WRITE;
/*!40000 ALTER TABLE `activo_dat` DISABLE KEYS */;
INSERT INTO `activo_dat` VALUES (1,'LAP-INF-01','LAPTOP COMPAQ \'Presario\'','INFORMATICA',NULL,'0019920119*','COMPAQ','PRESARIO','IBM00000000CP',0,0,0,0,0,0,NULL,0),(2,'PC-ALMACEN-01','PC GENERICO 01','ALMACEN-SUP-RP',NULL,'S/N','S/M','DESKTOP','S/S',0,0,0,0,0,0,'COLOR NEGRO.POSEE UNIDAD DE DVD',0),(3,'PC-DIRG-01','PC PREDIDENCIA 01','OFIC-DIR-GEN',NULL,NULL,'MARCA HEWLETT PACKARD','ELITE 8300 ','0123456789*',0,NULL,NULL,NULL,NULL,NULL,NULL,0),(4,'PC-DRED-01','PC GENERICPO 01','OFIC-DIS-REDES',NULL,'S/N','S/M','DESKTOP','S/S',0,0,0,0,0,0,NULL,0),(5,'PC-INF-01','COMPUTADORA PERSONAL GENERICO TIPO DESKTOP. COLOR NEGRO. CAGE DE NOMBRE \'AITEG\'. ','INFORMATICA',NULL,'20111231','S/M','GENERICO','S/S',0,0,0,0,0,0,NULL,0),(6,'PC-INF-02','PC GENERICO 02 (OIF-CP02)','INFORMATICA',NULL,'S/N','GENERICO','DESKTOP','S/S',0,NULL,NULL,NULL,NULL,NULL,'COLOR NEGRO / POSEE UNIDAD DE DVD',0),(7,'PC-MNTPRD-01','PC GENERICO 01','OFIC-MNT-PROD',NULL,'S/N','S/M','DESKTOP','S/S',0,0,0,0,0,0,NULL,0),(8,'PC-MNTPRD-02','PC GENERICO 02','OFIC-MNT-PROD',NULL,'S/N','S/M','DESKTOP','S/S',0,0,0,0,0,0,NULL,0),(9,'PC-VEN-01','COMPUTADOR GENERICO COLOR NEGRO. c/Windows 10 Pro','VENTAS',NULL,'S/N','S/M','GENERICO','S/S',0,0,0,0,0,0,NULL,0),(10,'SERVER-HP-01','COMPUTADOR SERVER HP 9000 rp 2430','INFORMATICA',NULL,'(pendiente)','HEWLETT PACKARD','HP 9000 rp2430','(pendiente)',0,0,0,0,0,0,NULL,0),(11,'SERVER-HP-02','COMPUTADOR SERVER SONIC (Oracle Enterprise Linux)','INFORMATICA',NULL,'(pendiente)','GENERICO','S/M','S/S',0,NULL,NULL,NULL,NULL,NULL,NULL,0),(12,'VIB-SAL-01','VIDEO BEAM ','ADMINISTRACION',NULL,'S/N','EPSON','S/M','11223344556677',NULL,NULL,NULL,NULL,NULL,NULL,NULL,1),(14,'PRUEBA-01','COMPUTADOR DE PRUEBA','ADMINISTRACION',_binary '\\\0JFIF\0\0`\0`\0\0\)TExif\0\0II*\0\0\0\0\0\0\0\0\0\0\0\0\Z\0\0\0\0b\0\0\0\0\0\0\0j\0\0\0(\0\0\0\0\0\0\01\0\r\0\0\0r\0\0\02\0\0\0\0\0\0\0i\0\0\0\0\0\0\0\0\0\0`\0\0\0\0\0\0`\0\0\0\0\0\0GIMP 2.10.22\0\02023:08:23 15:19:39\0\0\0\0\0\0\0\0\0\0\0\0\0\0\0\0\0\0\0\\0\0\0\0\0\0\0\0\0\0\0\0\0\0\0\0\0\0\0\0\0\0\0\0\0\0\0\0\0\0\0\0\0\0\0\0\0\0\0\0\0\0\0\0\0\0\0:(\0\0\0\0\0\0\0\0\0\\\0JFIF\0\0\0\0\0\0\\0C\0		\n\r\Z\Z $.\' \",#(7),01444\'9=82<.342\\0C			\r\r2!!22222222222222222222222222222222222222222222222222\0\0\0\\"\0\\0\0\0\0\0\0\0\0\0\0\0	\n\\0\0\0\0}\0!1AQa\"q2#BR\\$3br	\n\Z%&\'()*456789:CDEFGHIJSTUVWXYZcdefghijstuvwxyz\\\\\\\\\\\\\\\\\\\\\\\\\\\\\\\\\\\\\0\0\0\0\0\0\0\0	\n\\0\0\0w\0!1AQaq\"2B	#3R\br\\n$4\%\\Z&\'()*56789:CDEFGHIJSTUVWXYZcdefghijstuvwxyz\\\\\\\\\\\\\\\\\\\\\\\\\\\\\\\\\\\0\0\0?\0(((((((((((((((((+\O\Ltyo\0\\\4>\\g\n\\)p8:+\/{\0\nR[\\0\\O#wsݻ\\1ksU\\\\\\\?jӓ\[y&\w\\Z\\#9\\Z,<\F-_)`\\"&\n©ae\^\4WqT\~qk+vsq\]%n5mc鑜}Tr]dpg\-kU\d\)\lb[\q!X\n\0#?!\>xf\\h\\m\\1ݜc\0\Z\\\ch?ǝ\ݸ\0\*3\ɍw\0Z\)u\'\\vSf\\rޝ\t\ԙ\\cvgv{c\\^f\\S͖\\0f^v\?7\v\\^s\0\F\\f?f\^V\\\\\cvN};f\J\\\r\\\~ﳝr7\g\¨=Pw\\|S\\K\ZĖ~E\ͷCw\VD\Cm^\`\\\rJ2\B\7E:H\)\Z9D%YX`A\\\(\0(\0(\0*jvVvl6I\\\6\]sA<)鞕\^\.ewem$p\\HQ@<\\5\Z7tKӼ`i\Z\,\.{V)\D\y\\\b\g\w0%\\'\O6\qC\w>\\!\\\;[\-e)ܨ|Q\v\OX7\\"-Dh	9叩+\؝n\'X#\c9\Z\\R=5|Ww\\h,6\03ʵ\\\\3\\\Z`-3P̖\j[8s9\x\\	o\ZG\\<bXkꢹ\bV\yerXg\iU{+\<ztRdpGNF?k\\\\\E.vG\㊳j\\݇QקS\^|2\n/9.5e=G\\\\I\T./_\\\1\Q\G*N\r\\Zg\\M%S$9\7}+\ M&,HC3}N\0\\0\rW\M\\EmC\\\@;rpG8]\뫈\HH\n8\t{ʡ\ͭxB\">-b-\23\\V\[\>\1\\v1\\B\\1ڲvn\n\Z\\Z)jd\2\\YA2j\\\\"\\\\σ\j(\Ă:pz\O3\0`9\\g\RD\H\bys>W=}\y\~Rf$jTUF{I\$Gcx<bk\\07\0݅\\\\\V[w\bi\nF<f[.P\\Z\ˇR8qbFq\\&\Z]\j=\\\ܸT\@\=\\\\V\0\"\\v\\n\0\.z\q\\s,gtQEH((xÖ>ҵx_\i\\y\|\\7`r3.mki\O\\08=~\3\~U\x\\}7s^i#eWB2\L\Z4}<\?\o񧮓o\ۯZx\\'&\[><ש\\s\ت\nO\7\\\2Y\\c\\帧\\\\qt\\pxcpca\\\N1ɮ\\5}\\{Gˌ\\B=y\\\9?\O\^\\0k0\O_s\\hZn\{A\\\nß(\s\\:ⳛ\\"\\?s\0\\\j%$e~^\nB\ַYn\\\\\\}\F,N{{\|\2Wy\ӀX$H\09n\02+u\ئD\'\n[\#PcN\U!Y}\ʜg9D\׭!%\\Oʪ9\IhAOr;t\\\:\Ww\V$\0h\\do=\;~U3\J\W2\$*p\\|\T${֭^JE\ֱ繐H\\t\5\ZgE*N\[\\Z<7\\\n\;c\՛\rԀrY\\Y	<q|=c\\\p0\9z\z<X\\e\\V#\0\\t\ׯZGm4\'.q޾ch\NV>JG\7O\khi\p8=+u{\g	\&dܬ`:A9\\?\x{\\rị\~^,e\\0\n\0\0\4\(8+b(ʞ\\\0\\\\\3s\8\^\\ȉ\Xs\0\o\֒&\\;c\s,\yحY`>\S\T6A\\\H\;dw5urY\\7\\5\I\\A=\X\\\Z\@>٣r\	N\\\\#\\0Z\\`\z=?\u\v\l\q^\k\gO\Y\^\#bw){U~b8\dsVX\\\"!(\dl\iH9\⤎\\\\\Ǹ)#jO\nx\\m\\6\0:\0\U\[F\5\Zsz\"~nA\Zw\\>\*\|\.\\\I\r\c[\r\07\\\\\*v4\\:\9_\\U6)!\\r~\s\{?.\\02\\\\\0Ԭ\re\oD8\1\T\r\\~\^\\0j޻\ztrۘ\Q+#\\'y\\C\\"9sm\\\W/;V6\O|5֮/mo\E*\0.\)#?\'{ˤh\S-,{Q,O֠״M>ݑ$#\,6\\W#x\/\\TX6mwQ\g;\sԪ\=z9{\\Fnv,\nT\H\ľ2\!0$W!m\z;7s7w\\\Z\\yWq1\?S\j\\]\.>\$h\-\":\\'QݝN\s\sԌ\\Qm<$\\\2)(-\G\\ό\\zy~\m\\+Ǽw\\HuOy!ҢIG*+Wف q^\\\a+(Q]\0QE\O/|:O-\R\\\O\" _ƽD\߇\\0x}N\s2[5xȈg#$^+\-\0`j\\&lX\\9+SV\w\\>X\pk\\\'\c$\<$\0\i\-\0\\`\6\5\,D/ʨPZ_x:3\0NO\0\\\&Cf\0Mf\cԯ\M0y?\?\W|,?Tw\\z\3@ףbt]D|\\Gz\'`\4\\,\/\r$gG\\\ճ*\nQ\	9;h\8P^\\0\Z\|3exe\p6\\\ϵu\\d/\rV#\x\\\ֶ\\\\\\m\\\e\\fm\,R)\rb\\(f1x\5\>\\\W䎞\\\##:\\\s\Ze\Q\F;\\\VNweJf-\n\rsƵCwIt,\"#rs\O\\\+=\d7P\+\[DʄBF3\j\:ng\{\\[\"$\}	\Z\\\ZsCm\\\Q:\\s)1s\nϸݮ̒0\|v\TTv5(A]Ot\$\c`犠\\=jB\-\.\ާsҹ\^\]˵)\0\^,&#N\M\/^YR\6:}i\\Z}T\\+\1uN6\8T\}BK\\f(S;GL\\W-xCē\[wV\'FFK)28 \\[\B[*V\\\u9\5]`P8\>Jj:.\ze폛/\04[\\p\G\*Y\QE\0Q]W|\\\R[\'\3\g߻ڧv\7J\.Z\\:UB\w*<\+\\#\\'/\=\\~yFxV\J\|+\;\v\$i\M2@ZHn\Q\_\\۽z\~\c\\oZǝ\3\%\'ι\b\M;1\\\R}@\ʣ9\.[\0Qtܜ\.\"ٌމ0E\BFYҠ\2\\~Cu$T.I9\OQθA\n\\#if2:\\Z>8\gVr[WB˸qۊ8\WHǷ֠n\k\'\ꃶ\63c!P\z\8\r\\ps\:2p\'gvu\wu$X\\5&p2\0H\ƪH[)9\\PmR\p\!=\0\\e\Z4vԳ!󱿌t\Dw)wJ\:|\1\W9ʯU\\^G=\҄}#0sk\\\ۙv#ˤQ\\^ Y#q`0T\\I5{2D\\.\K7-\\\[xRY\kM\?\^\(a\ѻ\\jU_H\6\\'\\ޛ\^i\\\L\+rpH\\\K\\4O]ݼR%aJ\Il\1;\Z[rLN:\sb3x\M\Z\\\KZ\\n\\\\=\+ޢ<1<`\\\x_\\Z\q\\r\om(\eQp:\OpdUm\=Mt\\A\\u]2\\\\\Ǘ\1V\nK\03x\j\VY]uhң?.o\\n6\0U\\\Qk\\sa\<ɁV\#i\ \\\X#ÛNNEUYӬ\Q\\,c8{>\\_YxKÚ7Ceo\{\\h~\&\6D^N	`p+\><\\q:G\vA8L6\\\86ѵ)M&Z߄\\\0\*3FG\0p\0s}\0ǧznO|h\a:&\!,\0\V#\_t\0`\QY{I2\\Z\ԣ\0\\0Zu\\0\Փ֚O5<\B(\7\i\z~~A\jyJG_\!S;\\R\*|z)mV\0op\"\vx\pWdm4;\c\\0g9417Å\3\\]#<VZ\\5aKN{\Z9\ \\T\Ջ3i\|\\\\\FG_¢\\\84G(lf\͹\?\\쮿\\\'\0M?48m3?\\O*{˙ ٴ)ݞ\nMj\fx\F~b3\\\x\KL_T/a!]f\2S\\T\0lԘ\\'\==y뚥,r\\\09\;c\M֯e*Tuf\SzK/\	\p3\l\ޫe̓K\8\Ƿ<\P<d_rWZ\\\2rq\x\=\\\e7\\\<\Nb\\t\O\\E\\\ҫ\ʼuo\\\\0\\D\\\03\dܫ.\P\(m=1\V~!Z\[t֬\@vE\\\\|E\\D껶QEYQE-\\wp\[ɡu68`rE}e\^\\~\6\\yyme\\dgr\9V\\W\ዏHi\Z\у\\rw\0p7u\\RU#\˄]\\\<dǬ\\	ͬ\q\0;\Ģ\\:}\i[sy\,W\v.\!C|\\&J{B\Z=N\*7͝*\3\PI`?\kbk\\F\3\4\'yuaӪ5\'mLac\0L4\\\\0#[\\Tta쐞\"H\?\i\r۾{pk*1\TR@fBX\\厕\d\\r2XS\\,\\'dg\0\Zڐ<\ ZqH\Uʫ\n\\0j\5Ul\1\b\\*8\\\޹ɼ@̏ϙ\0֬乶:)S/M<)K*(=ـ\5\\V\ >ek\C\0vg#vz\*C\[sҪˡآ\\~(\0\n^?<\\=A`0j\fLvՖ\{\˳\lgֽW9\\\\\.\\ZK{|\\Uո\\\\\g\\I\秵`Ϫ)m\@`\\}zViigp۶\\{ԨRvx*u\л׮\\)lF\|\9\q\j\\FeH\\R{\\"\nQJ\>\\\K{\ߔ\;\\r7.\\|J\.|+ਬ\ȭ\qL}8\9\r\C\^oW5x>ͭ_wq\"n\3#8u\9sIET(\0+\\F>K\\\\lř+6p\0H	\k3a\N\$\pC_Y\\piZ^A\y~ꪨ\\W6\5yO&\Ω\'$\j\ǭe\\4-̀0g\=\\T\\OSۆX\I@?Ms\\\\\\pVL.:`R~S\Fӥ°\\\̛\\LW\\'\\{[3gJnSܠ\\yv\\\)\\LMո\5.(@\\\\\\0\˽vsgj7R\\8\\rdKpy\ڒR\񎬒\\n<ݠ\#?\\\|RL\JFx沵\\\h\\m\6\\NpA\Z\V\\WҭgsNDa?p3g\_ԩD\\S[\v66+v6\ǽq\\ZݬrʱχbG\:\\Z\\\\>\\\\\\V\|\'Aoz/b]\\\\p\#\⾓\rF	]6#1r?jҒ\_l\\ff\\\;\kɼIpn<E60\R8\\\\\\/.\\l-\\ \U\\5̓\ƕ\\q<玜\m^H\\\3LD\cir\\"\=\\\\\0zTw	\\n0E\=Md\E%\0JZؓKP|\8שE\./	/K\ŽɩY\\H\\\vaרs\\rѣ\5?X\V^y\\\\N\z\\\\֏{\=B\@}c~Ka\q\Z\07\\r֪m\'\i\\\\o?u\\~\q$\\1R+(\0(W\7\+\\d\඾i\UpI\\;W\\Z\\!DѸnVU \zʽ?\F1ZK\6\4\h#\*\0g*O\u\'\ω\cJS\\p[D\n1Ґi\r{k?5i\\\}\߻\vo\\Zu\CD+\\Iu\\\\\Q׌\އ\\\>:\n3YܤhC(?7\\0q\,\\\[\\j<\r\3\\[(\\h+\rpz׏G5\zD`nHb \kH\c\=j!V?\\01\K\Nk\\:\F8\IϥM/&%u%\\ق1\0\\)\\D\7\fd$|\\\0 \fa\\\oQ?\0N\(sKx\\OBЍ\U\=rı3B\\\\\]F1\-2۳\7U\ګ{\Fh\o, \\=Mt\ѹ\0K >\\2\ݎW?\\=k\\d\\9\frj\\\m\v\ז%\$\E\\\6\N\X\\Q	f\0\\"\0;@Ӛ\B\\\키I\E9\n\c1\\[9~\|U[\\I3\OG\"}.U\\\nXQZl\J\ݾ\\\5~\I\\\q{w\W7\"4\fuN\0$\\\'5A}\tRU{+J\v\4\\\\\w\A \\W\Oۯփ3HPJw\"\ޘKQ\ڲ\\rُ0\\\ݻ=\VƝqm\\o;=H\:^{ܘ\.U\R\8#\o\n\h<)ie\\U\nP#+9\$⹦K\(\]>.\ڋT\pF9݌<W3Z~#KHQ#Y\\\y\Css޳+Rmݖ(QE\0QE\0QE\/q\\Zv|K\\;/\oP\Ϙ3\\Z\~|U\rtw\~wc^\\|80?\m\0\(ǘB/8\^_B5ǈ\b\\hj\\\m\dgٳ8\\3h\\U\.\\0׮*\ʑD`\Oc\79#_\W\0צɢm`<\v\룙ʌA֩Os\6P1?n\\0^o\0\\0l۩yN\avw=+\q$\wz±\0!\\\0,\z\t?h٣w\q\\\سN\\c\ٌ\\ҹ\sǟۆ<\y=+[\縒UpYϯ5\rU#jG\\\n\8t\eQZk\Q|\弰\0$s\~5\7d;wnB\]}\߹\x\1F\\n:\9E\\\:pϙ>aJR\'{=\RaMY<\MU.p+\\\[^cjQGu^\\Dm>k(ϳw\Y\݌aO\MvK\h4MS\)qi\\3Ga\\;b	r@\'aN4\z:W*<\\Qq\}F\\>\\l\0\1߯\*׿\&\%ޱ\o}g\\۵z\g\\z{\ڔ\"R\\%m\'wP܌\ΨVU*9F(\QE\0QE\0QE\0QE\0}\ӏ\0s\)k,\\+޼\0\"?\m\0\d\^\V\s\\n8\ZdF99K!I0+6\\@3W\c!gc=3Ϲs0\\{`\4w\=)\n$\q\\қE=Nx?w\D\p8ϓ~Mb\\\0Q^\sq\\zƯp绢^cu\Ӄ*K%y\*䜟J\_%U\\\tF^\s/U\\'\F|\?xv$ҩvF\ye+s!\0go1\kص_:\jP\\_\\\5wBK\0p\#ּ:\\\sz%\S*<\B\\G\үYqʷv\zg\\\K\ŭQ\}+@\'[c\ \ڲ\χ~\\K]=\\\nq8\5\\W\ꚥޡ:\u3\ꀅ\X\9\&uW~\\\\\KG\o|,?.\v.>I\qڹ\\\۩<ˋZi_\0nv9\'\=*\n+ɽ\,QE \n(\n(\n(\n(\n(>\\g\\?\,\\%e\N\ƱaIϸ\M6w#.\R$ܼdr2=\V\\Hp?{\n\y\-\\,\T\@\0\Zιi~\ji3t9<TLs\\*\}L\Z\Z\8\'?\"\\\\\8#Oq\{$Ē>\?Q^\\H\Oy-\9\/W|:Ԏ4\\\c\V.;\%WԮ6I@\T\ZG@G^\ \g׃\^\'\_\LR\_\\c\c\ڳ=\r	\ߤ\ZO\S{%AA\v+ΝWnY\G\\c\(H\ׄ\AkZ\\]C\Hʕa\\G5S_\P\\Z\Z\M2\\Pp\\8+\\\{Q\\'\R\y{l\ű\=qTku\\cQYQE\0QE\0QE\0QE\0QE\0QE\0QE\0ii!\\vM\5(Yv\/\Z!HWV>*]VO\naӎ\\ָ*)\\qOr\֡=\\\,\\D&Np<\V\0gh\^o\ʲ\\ܦg\o9\W=EϸY\+\[G\Zfٷ@TK\\\Vb\\\WP\tMO)6yrZa\\+g\9Q⻋\&Ӵ\Cg\m 1\~Vl\7Oa\QO\NKkha\Bl/j\Kr\xOb\G3\E\sV\\\ꗷq+n	=\\\g\\uB)(\0(\0(\0(\0(\0(\0(\0(\0(\0(\0(\0(\0(\0(\0(\0(\0(\0(\0(\0(\0(\0(\0\\http://ns.adobe.com/xap/1.0/\0<?xpacket begin=\"﻿\" id=\"W5M0MpCehiHzreSzNTczkc9d\"?> <x:xmpmeta xmlns:x=\"adobe:ns:meta/\" x:xmptk=\"XMP Core 4.4.0-Exiv2\"> <rdf:RDF xmlns:rdf=\"http://www.w3.org/1999/02/22-rdf-syntax-ns#\"> <rdf:Description rdf:about=\"\" xmlns:iptcExt=\"http://iptc.org/std/Iptc4xmpExt/2008-02-29/\" xmlns:xmpMM=\"http://ns.adobe.com/xap/1.0/mm/\" xmlns:stEvt=\"http://ns.adobe.com/xap/1.0/sType/ResourceEvent#\" xmlns:plus=\"http://ns.useplus.org/ldf/xmp/1.0/\" xmlns:GIMP=\"http://www.gimp.org/xmp/\" xmlns:dc=\"http://purl.org/dc/elements/1.1/\" xmlns:xmp=\"http://ns.adobe.com/xap/1.0/\" xmpMM:DocumentID=\"gimp:docid:gimp:00757122-57bd-4f50-91e4-a1ea25746aeb\" xmpMM:InstanceID=\"xmp.iid:5d4a4c3b-80c3-4db0-a161-31a55969d278\" xmpMM:OriginalDocumentID=\"xmp.did:9a60f1ff-e2ee-4eb2-a537-cc93a0d129a3\" GIMP:API=\"2.0\" GIMP:Platform=\"Linux\" GIMP:TimeStamp=\"1692818382296582\" GIMP:Version=\"2.10.22\" dc:Format=\"image/jpeg\" xmp:CreatorTool=\"GIMP 2.10\"> <iptcExt:LocationCreated> <rdf:Bag/> </iptcExt:LocationCreated> <iptcExt:LocationShown> <rdf:Bag/> </iptcExt:LocationShown> <iptcExt:ArtworkOrObject> <rdf:Bag/> </iptcExt:ArtworkOrObject> <iptcExt:RegistryId> <rdf:Bag/> </iptcExt:RegistryId> <xmpMM:History> <rdf:Seq> <rdf:li stEvt:action=\"saved\" stEvt:changed=\"/\" stEvt:instanceID=\"xmp.iid:692a3aa9-ae24-42f3-b8d4-de8d0407ea0e\" stEvt:softwareAgent=\"Gimp 2.10 (Linux)\" stEvt:when=\"-04:00\"/> </rdf:Seq> </xmpMM:History> <plus:ImageSupplier> <rdf:Seq/> </plus:ImageSupplier> <plus:ImageCreator> <rdf:Seq/> </plus:ImageCreator> <plus:CopyrightOwner> <rdf:Seq/> </plus:CopyrightOwner> <plus:Licensor> <rdf:Seq/> </plus:Licensor> </rdf:Description> </rdf:RDF> </x:xmpmeta>                                                                                                                                                                                                                                                                                                                                                                                                                                                                                                                                                                                                                                                                                                                                                                                                                                                                                                                                                                                                                                                                                                                                                                                                                                                                                                                                                                                                                                                                                                                                                                                                                                                                                                                                                                                                                                                                                                                                                                                                                                                                                                                                 <?xpacket end=\"w\"?>\ICC_PROFILE\0\0\0lcms0\0\0mntrRGB XYZ \\0\0\0\0\06acspAPPL\0\0\0\0\0\0\0\0\0\0\0\0\0\0\0\0\0\0\0\0\0\0\0\0\0\0\\\0\0\0\0\0\-lcms\0\0\0\0\0\0\0\0\0\0\0\0\0\0\0\0\0\0\0\0\0\0\0\0\0\0\0\0\0\0\0\0\0\0\0\0\0\0\0\0\0\0\0\0\0\0\0\rdesc\0\0 \0\0\0@cprt\0\0`\0\0\06wtpt\0\0\0\0\0chad\0\0\0\0\0,rXYZ\0\0\\0\0\0bXYZ\0\0\\0\0\0gXYZ\0\0\0\0\0\0rTRC\0\0\0\0\0 gTRC\0\0\0\0\0 bTRC\0\0\0\0\0 chrm\0\04\0\0\0$dmnd\0\0X\0\0\0$dmdd\0\0|\0\0\0$mluc\0\0\0\0\0\0\0\0\0\0enUS\0\0\0$\0\0\0\0G\0I\0M\0P\0 \0b\0u\0i\0l\0t\0-\0i\0n\0 \0s\0R\0G\0Bmluc\0\0\0\0\0\0\0\0\0\0enUS\0\0\0\Z\0\0\0\0P\0u\0b\0l\0i\0c\0 \0D\0o\0m\0a\0i\0n\0\0XYZ \0\0\0\0\0\0\\\0\0\0\0\0\-sf32\0\0\0\0\0B\0\0\\%\0\0\0\0\0\0\\0\0nXYZ \0\0\0\0\0\0o\0\08\\0\0XYZ \0\0\0\0\0\0$\0\0\0\0\XYZ \0\0\0\0\0\0b\0\0\0\0\para\0\0\0\0\0\0\0\0ff\0\0\\0\0\rY\0\0\\0\0\n[chrm\0\0\0\0\0\0\0\0\0\\0\0T|\0\0L\\0\0\0\0&g\0\0\\mluc\0\0\0\0\0\0\0\0\0\0enUS\0\0\0\0\0\0\0G\0I\0M\0Pmluc\0\0\0\0\0\0\0\0\0\0enUS\0\0\0\0\0\0\0s\0R\0G\0B\\0C\0		\n\n\r\n\n	\r\\0C\\0\0l\0]\0\\0\0\0\0\0\0\0\0\0\0\0\0\0\0\\0\Z\0\0\0\0\0\0\0\0\0\0\0\0\0\0\\0\0\0\0V\0\0\0\0\0\0\0\0\0\02Tf\O!4t\ \:úh/6i\YMv;٬R\\*sk\:t\^\ڥ\0g?J\gf]z\{j8\4_%5}[S-\oEJ	z\\\\x>e\vОC{%tcv2%\\h\\Ҟ/G\\N~j\B\|E/\\\\\\L\p\ksSD tJ\2bOWP\.lsKʠ8\\n\ҿ\e\7\0\\"g\ie\\{iQ5g:6nuq\>\x\Qeآ\"TP\0z{\dùY\YZ\\X\0\06Tߡ\\Vf\\p\0\0\0\0\0\0\0\0\0\0\0\0\0\0\0\0\0\0\0\0\0\\0)\0\0\0\0\0\0\0\0\0\0!&6 01@\\0\0e%R\VёnjW\\D\\a\'_\":\P߭\\#^\CU_a\\\\E_5\'TW\Y\\:dj~\󲫑1ű\\l\}\\՜>e\\n٨\WE\\\'\\\\mM%\\#tA.O\\Ųو\o~E\򒄭\/V;Zy\#]$8Y\\WE\ȰА^Vw\\\KFZ\g^\YK\\,4\5X\#<.\6\R\Á͞\3\\"lo\\:<#\\\^[$S,!\n\\eMwד\z-\t\Z\"@<ׂ˰D+VE{\mI\<Ϲ\\6W*\f-^k\IIB\\Op\z\\\\A=25\~\ݖ\Z[?$v63[(I`WҺ{W\"	4983.K^\\\\0)\0\0\0\0\0\0\0\0\0!1 \"2QR#3@A\\0?J5_U\^\5ڎMݪ!sS\s\\&t?uw\\ZJ;\\:Ɥ\\(0ﲭlMȮJNaTxTZ\R`q3W\'apP\\d\UU~\,\\C}(\҈\\.jƤq\&a\S7\4\\R\\\>\\kLɱ\\\W\\n)\"n\\\\ 8ʯ\\{cRT\\'\\\5CI(\\<8l)PGnOU81\\7R1	f\0t\\\4I\\d%.)!Wb\J\s\\oE\Y|*\sfAO\G\Zp\B\Л\,\+܃Qi*&\Y\0\\0/\0\0\0\0\0\0\0\0\0!1 \"A2#03BQ@CRq\\0?\|)ٳ\t\4\Bt*p\Km8nX4ن\lhb%)usT{KA\M;\e\\[h81\\"\\4\0\F^桯RCܯ{^\\x)\w-\)m\5\\b]R/~&oC/~#\u{\2\\N\y\ܥar\P/^\-.\MqLˍn\\0tk\\M\O2~L\\\CNU桏[\\\'s\jVlQR\r{w\Y0DfU=,R\e\nfZ\\eN7)<ԗ1\n-\0t\\%:s\0,q+0-\\\)\gҿ\R34\\ı\j<\Қn2\G3չ\\{&3-uqL)ؠY)W\&\S\r\sLlQ7[xX9\`%\\Z\[\B\39>Qܣ~O\ĺA.+\\\ǨO\\0\\0A\0	\n\0\0\0\0\0\0!1\"AQ#2Ba $3qt\\0@RSbcr\\\0\0?rf\DK9\&W)5|\0%S]}$\NwX\\nSe@R\\yBژR\Vz#\\\a44VVXE/ya	&\X(K]*H\һό\\\U&s\\̏\,\|\(t\!$eܔa^SnQA	*\i\}Оs-1/Wy=>2ߨD\ݱ\A\5O\\֑\\F\΀A\\\\\Rk\`\ӏ\P\xq17\ZJZi	Sjzxﴫ\\Io\\"x\\Dk\\v\I W,\$kąFr\mN|Z\\Bt\$B\rhu\\IQ\6\j\Zi66=\{\\k.\"Pq\98\y4\T$\X\FC\\7jxRcIX\l\~G\02\km{\*C{\r\+S\\4O\L\C6Zm\;f3\\k\,Zut\rN)UN&@\XR\\F\D\\ۀex9+\k\8\nn\v\\M\<\Pݰ\\:P8@PjLш\(څ4V	\Z\vt\\\7]T\Z\ZxY\o9)+\M>wFJ\ږ\Ggk	U.qn\&\R3=դ\H\Z@\X~s1U\`\\\'sgGmܖq\\\"\r\nn4$9\Ӯy\<_W\\A@i*\V8\m\oR,:M\0%oE\\n\v?\\1Z\\z	j\:$\\\Jo\\"w\zPrM}_Hm5n\\UfdBCv\)mԨ\'\rGw}!s\utJ\O$\\\}Q\MͲ;(@gdv\JZn:ETӉ,ӿ\\\_.Ѵ\0\ĭY\+V\w_Mr\\\0\\0\'\0\0\0\0\0\0\0!\01AaQq \0@\\\0\0?!\04hD\Y	\\4Z\\2XΦyo<0\\G\y\\\ySÖR $4i$B4b\\APG<J\S\\\Lz\VD\0&%\O\0Q\%\\\^(p\k\\&Kd<cx\/<d<\\\rI\Q\r!HO,|\\s\\$LB\O@J\\"uW\\WX뜂ty\\z!\\m\0//;)e\\\\)%EI\OGtm6\Z}w\Mv\@J7P\\G\m\Y\0\}<)]\2vNcxAQ7qݒS\nD\dBJLgc\yǁuX~\\`\V-~\"\k\r\\f\SC5a\]$\'S\\Ap\	F+s\xy\dʎᨄ}\S$\0kQ4\b+$\w\\9RnHdS	$\ͫ\\0\>\,|\r,aQ܎)wjD\cL1K-\ \\16.6^g\\wCT\0\ϗqt\0P>7x>\BRU\\\\ɔTY&\rG\'\C}\'NN&0BJp#ޘ\\`\lw\\rOΛh5\P\'{ߥ\f<\P*2$ej[D\b:c8z\Ƕ3\\\Ka\Cӥ\\6\r(4Mp\\@^X\67\0p,/gTNpR\?#\\\\\nDZ(\ng\\0\\0\0\0\0\0\0\0\0\0\0\0;\r\0_v5\n\0	ȉfێF\0T4)@\?\\0\0\0e\0\0\0\0\0\0\0\0\0\0\0\\0%\0\0\0\0\0\0\0\0\0!1Aa Qq\0@\\\0?k\"\/\!-z\"X..\\R\\\Ǹw-EGqlr<\Z0J)E BBl	@KRya^\L5~pL蜨\a+t:(?gH{g?\O	78\XNX\\z%\ycF\,:\BS\5+Ny\cd^\[Կ\0\\Z߾a\\\=ȗXu(ہ*Ƽ6@=\Z0\-\\0\\amqzE.带\\%9w\0\\0)\0\0\0\0\0\0\0\0!1AQaq\ \0\\@\\0?a\n\r\\Ah\R\.\\4\\6\\иWw7MwM% m\pF\BB\0K\\m\-\6E\8\\Qy\\}H\<7){\?h\\\5\Z۱t(\%\Ms\wT\\a\n\j\fg\nn	W3\\uǌx9עp\*[\#\?\/(?mz\\<X\IAsݯ̿K\\U+\Hvt\r^9\\h,z\\\'\3\\ ,\\\(`~\"-vන-\\6\syjΐ<~>\nK=,o\\/\Xhm6K\F\݃C\\4\nQ\\tRk\\D_\*\r޿\~Ac\#k\\j\Sv=\\\0\'\0\0\0\0\0\0\0\0!1AQaq 0@\\\\0\0?\02\\5\.$99\\6hkS\5]ZX\\\X\\L\l6B&\F30Љ,ms3Ѫ\nHQu\acΨg\\'L\0(QX\ëpA-R\s\"evq\=\07*@d\v\\4j	zʪjmUfE;_\H8ȱ2q\ \cH:,\\'\)&b\A\>u\\8\d}q\vv^\9gN\P\\ݟи\{\0\Z5+-)ؿGq\hN\\H\HFh\\5\\\ jN[\\Ko\Ċ\"@.ҔG	%,kU\`%zun\\\0x8\7#IΐK#P \@\04\q	4\4K@0\HH\0Ěq	\0\/\\\\0Cv#ш1cyo\k~w\\"\\\\"4\:Įg\ǔ\nER}\\X\n8$\KRcu1^\\r8\Z&\\[L\l[ή-/L\08=P@°\\>9X\*4b\`Q\0\R\\\fR,\r:wo^\\\"\M\0iҪ\ ,\n4tŪm%PU,4f\x\\\\c>ct1\@-\^~L\r\x`\0UN&=\\4i\\\2@u\T2\rfR\Z\-N\)/\Z.Ȼ\\0CCUz\\\\ڭP\"W\r݅\~\,2`O˓1 eb\	H\\0M*\h\0!Wi\\l.Ⱥ\\D?aW\ZXhY)E\Gxa*\\^\I\%\)6q\<\\t萭q&Ģ?\&H\6n\^!\Zo\\ٞ\[:\~\?V\\\%\\&\gb\\/\ba\\00]@cˠmޤ\\TFF%X\@H\\(\',\Ap.	=Tr\U\\j\\\e,Іƨ\\',NULL,'GENERICO','GENERICO','S/S',11,999,9,99,5,777,'PC de PRUEBA, COLOR: negro, c/DVD.',0),(16,'PRUEBA-02','COMPUTADOR DE PRUEBA 02','ADMINISTRACION',_binary '\\\0JFIF\0\0\0\0\0\0\\0\0\n\n\n\n\n\n\"\Z\Z\"3 %  % 3-7,),7-Q@88@Q^OJO^qeeq\n\n\n\n\n\n\"\Z\Z\"3 %  % 3-7,),7-Q@88@Q^OJO^qeeq\\08\"\0\\0.\0\0\0\0\0\0\0\0\0\0\0\0\0\0\0\0\0\0\0\0\0\0\0\0\0\0\0\0\\0\0\0\0\0\'^\km\\0\0\0\0\0\0\0\0\0\0\0\0\0\0l\s\\\\F&\S\\0\0F\f\\7\\;=\`\0\0\0\0\0\0\0\0\0\0\0\0\0\0钆\x׉٣\r<\v\\\0\0\0\0\0\0\0\0\0\0\0\0\0\0\0\0\0\0\0\0\0\0\0\0\0\0\03\r\'GGGGGGGGGGF>f53@\0\0\0\0\0\0\0\0\0va2\X\b\\8\X\WV\'?9nN|zvNNf{\WG3Ï\0\n=<\\\D:y\0\13\\\\0Zk5\0\0\=\wƐe\z{!\\\\\\\\p\9g.\\\\yq9Ge\P\0;\k\9:}\<\0:\\\\0\0\0\0=\l\Ẁ̀̀̀̀̀̀̀̀̀\\<2\P\0\0\0\0\0\0\0\0\06\n\*\@\n\*\@\n\*\@\n\*\@\n\*\@\n\*\@\n\*\@\n\*\@\0k^f`@0\6\0\@A@\0ę0\\\\\`ͫa\P\0_.u\Vk\\2\3\\\5)Xvk\l\r/v\\\f\\Y錱\\\<\͒\k\fFy}ݩf>1\vk\.|\\uzM\`s\9r@\0a7c\מ\\f\'yz\\/2O^ּ\O^xd\zי\\^c\\\#׃׃\8^Z\\Z\\lx_@\\×f\Þ}>z}87m\\\~Ӌv\ͯqn\9\`aO6\ß_}^wzk\\\\p\\˫Y\\r\\\\N;ǜ=\v\q\\\\ݿӇv\0OB\0\0\0\0\0\0.\\\9\Kïg?\ӧ^\ry2:\\9qܹ\0P\0\0\0\0\0\0\0\0\0\0\0\0\0`\0\0\0\0\0\Z\\0\0\0\0\0\0\0\0\0\0\0\0\0\0\0\0\0\0\0\0\0\0\0\0\0\0\0\0\0\0\0\0\0\0\0\0\0\0\0\0\0\0\0\0\0\0\0\0\0\0\0\0\0\0\0\0\0\0\0\0\0\0\0\0\0\0\0\0\0\0\0\0\0\0\0\0\0\0\0\0\0\0\0\0\0\0\0\0\0\0\0\0\0\0\0\0\0\0\0\0\0\0\0\0\0\0\0\0\0\0\0\0\0\0\0\0\0\0\0\0\0\0\0\0\0\0\0\0\0\0\0\0\0\0\0\0\0\0\0\0\0\0\0\0\0\0\0\0\0\0\0\0\0\0\0\0\0\0\0\0\0\0\0\0\0\0\0\0\0\0\0\0\0\0\0\0_<0f0f0f0f0f0f0f0f0f0f0f0f0f0g͢\fzk+/l\ܽ=\0\0\0\0\0\0\0\0\0\0j\j\\uγl\\0\0\0\0\0\0\0\0\0\0\0\0\0\0\0\0\0\0\0\0*vL\\\V\wg\\0\0\0\0\0\0\0\0\0\0\0\0\0\0\0\0\0\0\0\0\n՞S\R\<*\0\0\0\0\0\0\0\0\0\0\0\0\0\0\0\0\0\0\0R\^ݑr\A\@\0\0\0\0\0\0\0\0\0\0\0\0\0\0\0\0\0\0\06I;DJ\=d\i`P\0\0\0\0\0\0\0\0\0\0\0\0\0\0\0\0\0\0\0\0t1?ü\0\0\0\0\0\0\0\0\0\0\0\0\0\0\0\w0΀\0\0\0*x\\#\nY@\0\0\0\D\0\0\0\0\0\0\0\0\09Ȉ\o%/R\0\0\j\ʥ[f\0\0\04oej6m\а\0\0\0\0\0\0\0\0-	\>*\U-\0\0]Gq+YA}Q@\0\0bD\v$5Z\0\0\0\0\0Zp\\0\0+\\Z\K\q\\n[\0\0\0 kd?\'\pM֬\0\0h\\\.\\Z\0\0\\ڷU-)\\\\c\NCcP(\0\\Q\1R6\Գb\0\0>\[&5\\;q\Tm\+Y\0\04Έ\\/vQvcX\0\0#`c[\c\\\\ڛ{{\\\0=~yn9y\jd(\0\0>?vgg\0K\\K\0\0\\ \[P\0\0+6jl\\VmUn\3\g7Lqb\0\n\~\W\\\0\0\0J@ΑHi\\k\0\0\0Ѿ<@Oubt\0\0\0V1\L5yٲ	m\ZIM[P(\0{\W-ի)3[-`\0\0\Z7Ɛ\|\KN\B\X,ru\0rH\\\]\\0\0\J\\.ɘE{\\0<\\0Tn2LT-\Ǘ\'X\0\0 g\l\Ae\0)\\T\0\0*z\g\9`\\\0\0\\Bwp\Ć ׋\'|,\\0\0*\f\,\\1[\0\0+95Þ\@\05\K]B\f\0\0\Ϡj&wF\\0\0c\'\]VͶj}\\0\)\O`۪vcp\0\	&vh\0\0\n\\\\0\rZ\\0\#\'kp\0\0˼\\ʝm\K\0\0 z\lF\^\ר\0r\+֪c\0\0{%D\0/TIg\0n\`Q\~\^{u^\\0h2\\\0\\W-ջ(\0\ypczJk&<\pw\I9^\H\\L+*9#p\0{G\0X*\f\R6\<\0z\\'艖\0C\VΩ\\041\\\r2\Z\M\%ɐyOA\\6h=\5>\d\rui\\0\0©nƽ\xy#l\l\0\.b3>Wuq\=tl\0\0p\bV\\4٪\\0Ag`\"F@Y\\O*\t\0\U\0\8\\_\n튮Oua\0\r{b\RY\\"\@\0\0+\\>PU#dA\9\\4o!\\\B\W,\p\\0s\m\2٫W1o؀\0x\*Vsu^~N\ᘩ[j%\0\0F\V \\\רZ\\\0\0\O,P	Zܘbr\\d\R\\0\#p\ĜӸ\0\0\0vn\:\uMrz\0\0\0L\w\\i1;\0\0v\\0F[ \,#I,\0*6nX\0T\\\,\0\0\0\P\DtwI\0\0\\M㐧;\L\0\0MRGQ5;W\'$\0h+6J\\0\\\rH<\MN\\\\'w@\\0\0\0\FFj$\'T|\\0\0\"j\0q=(\0\08Ƌ<M\\c6xZ\p\0ƣ`,\0>NdX\0\n\l\i\\\0`\@\0\0cSTKpB3\!sDKqk{C\0۲,\0\6S\0\VA\\M\\=岀\0\\eV\V\0\0\nXr\\\0W\"\\Na7i\p\`\0\0\00\k%.\\\D\`g\0碱\q\"\	).\\0]p\0\0\0@\C2\\09W^\0\0\0/\EOTd3\0\0\0\0\0\0\0)m\0\0\0|d|\z\\0\0\0\0\0\0\0\0+$V\+wA.\0\0\0\0\0\0\0\0WlUk\0\0\0j\+z\0\0\0\0\0\0\0\08aem\0\0\0\0\0\0\0\0J\Q-\0\0\0n\\r\0\0\0\0\0\0\0n\qOqv\0\0\0\0\0\0\05y\r\\0\0\0\0+SQ}\\0\0\0\0\0\0\0\0\0\0\0\0\0\0\0\0\0\I\0\0\0Z	\0\0\0\0\0\0\0\0\0\0\0\0\0\0\0\0\0}\\2X\0\0\0\0㋛p\0\0\0\0\0\0\0\0\0\0\0\0\0\0\0\0\0^\\0\0\0\00\\7\r\{@\\7\r\{@\\7\r\{@\\7\r\{@\\7\r\{@\\7\r\{@\\N\0\0\0\0\*h\\x\x\x\x\x\x\x\x\x\x\x\x\x\x\x\x\x\x\x\x\x\x\yblZ\(\0\0\0R\TX\0\0\0\0\0\0\0\0\0\0\0\0\0\0\0\0kZ\(\0\0\0R\T[*\n+\,\n+\,\n8;\+\,\n+\,=\0\0\0*{嚚}ηmѽ@\0U-u\텔+8,ⰳ\\+8,ⰳ\\+8\\\\gVqXY\agVqX\\6l\74sH\\7a\\GZ\ +?|ݸ\@\0E=-\/q;Gq;Gq;Gq;Gq;Gq;Gq;Gq;Gq;Gq;Gq;G\5\0\00C	0\L!\\(a2(a2(a2(a2(a2(a2(a2(a2(a2(a2(a0,ǰ\e&P\e\0\0\0\0\0ݙ\\ \0\0\0\0y\Z\q\0\0\0\0\0f\0\0\0\0\0\0\0\0\0~z\\\0\0\0\0wp\ב\0\0\0\0\0KD\4\0\0\0\0\0\0\0\0\0\0\0\0\0\0\0\05\0\0\0\0\0\0\0\0\0\0\0\0\0\0\0\0\0\0\0\0\0\0\0\0\0\0\0\0\0\0\0\0\0\0\0\\0\\0\0\0\0\0\0!\\4Ï<\\<\\<\\<\\<\N4\\<\\,a<\\<\\<\\<\\<\a\<\\<\\<\\<\\<\\<\\<\\<\\<\\<\AAA<\\<\<\\<\<A4q4I|\<\D<\<\<6^UM\M5\|\\<G<\\<\\<\\AAA\<\\<\\<\\<0\0\0\0\0\0\0\0\\\\\\r|\<\\\0\1\=\\ry\\<\\d\7<BG@	`r\_<\\\<8G\4\\4\4\<\4\\\׭\\nP\~\\s\\\\<\\<\\W|߾\N<\\<\\<\0\0\\0\0\0\0\00\0\0\0\0\0\0\0\0\0\0\0\0\0\0\0\0\0\0\0\0\0\0\0\0\0\0\0\0\0\0\0\0\0\0\0\0\0\0\0\0\0\0\0\0\0\0\0\0\0\0\0\0\0\0\0\0\0\0\0\0\0\0\0\0\0\0\0\0\0\0\0\0\0\0\0\0\0\0\0\0\0\0\0\0\0\0\0\0\0\0\0\0\0\0\0\0\0\0\0\0\0\0\0\0\0\0\0\0\0\0\0\0\0\0\0\0\0\0\0\0\0\0\0\0\0\0\0\0\0\0\0\0\0\0\0\0\0\0\0\0\0\0\0\0\0\0\0\0\0\0\0\0\0\0\0\0\0\0\0\0\0\0\0\0\0\0\0\0\0\0S\<\\<\\<\\,S\<\\<\\<\\(\0\0\0\0\0\0\0\0\0\0\\ \0\0\0\0\0\0\0\0\0\0\\<\\<\\<\\tI<\\<\\<\\<\\<\\<\\<\\P\0<\\<\\<\\<\\<\\<\\<\\\?<\\<\\<\\<\\<\\<\\<\Ζ;/<\\<\\<\\<\\<\\<\\<\\6{\<\\<\\<\\<\\<\\:\\<\\0\<\\k\<\\<\\<\\;\\<\\\<\π\O<\\<\\<\\\uO<\\\<\\NuO<\\<<\\\eO<\\$<\\^O<\\⏼\ϫ\\<\\\<\Ψa\<\X\\\<\\4\\<\\k\<\2t%\\\<\4\\<\\(#\<\!C\\\0!O<\\M<\\\\<\˟<\\SO<\\<\\<O<\ʬM<\\\<\<\\<\\<QO<\H<\\<\\<<<\\<\\<!O<\\n<\<\<<\8\\\<<ы<\\\\<\< \\\<<G<\\<\<S\\ \G<\E<M<\4\O<\P4s\\<\\(\E<\4\<\\H\00<\\<\#<\$\I<8\<\\ QM<\\\\<\c\n<O(3O<\\$\\<\\(O<\\҄<\<s<\\<\\\<\\<\<\M<\<<\\\0,\\4\<\N,P<<\\<\\\<\\8<\\0\<O<\\<\\s\<\\\<\\s\<\<\\\\<\\<\\4!\<\\<\\<\<\\\\<\\<\\8\<\\<\\<\<\\\\<\\<\\83\<\\<\\<\\<\\0\\<\\<\\<\\<\\<\\(\\<\\\\<\\<\\<\\<\\<\\,C\<\\\0\\<\\<\\<\\<\\<\\,c\<\\40\0\0\0\0\0\\<\\0\0\0\0\0\0\\<\\\\<\\<\\<\\<\\<\\<0\\0\0\8\0\\r<\\<5\i\\\,\,\$\,\(\\>f\r\\*\\<\\<\\<\\<\\<\\\\0\\\M4\M4\M4\M4\M4\|\\\<\\8\\<\\8\\<\\<\O<\\<\\<\\(\\<\\ #\<\\<\O<\\<\\<\\<\\<\\,s\<\\<\\<\\<\\<\\<\\<\\<\\<\\<\\<\\<\\0\\0\0\0\0\0\0\0@0\0\0\0\0\0\0\0\0\0\0\0\0\0\0\@\0H,b@\0\0\0\0\0\0\0\0\0\0\0\0\0\0\\0\0\0\0\0\0\0\0\0\0\0\0\0\0\0\0\0\0\0\0\0\0\0\0\0\0\0\0\00\0\0\2\0\0\0\0\0B\0\0\0\0\\0\r\<s\\\,\\0\\0\0\0|\}\\߾\0@\0@\\0\0\0\0\0\0\0p\0\0\\r\\0\0\0\0\0\0\0\0\0\0\0\0\0\0\0\0\0\0\00\@4\\03(C	0\8G,`\0\0_\\p\0L\\0\\̠,!P\0\0pR\0h\\0  3\ \P3\4\M!wb(\0\0\0\0\0\0\0\A7\$\\0\0\0\0\0\0\00\0\0\<\\<\\,r\0\0\\\<\\<\\<\\<\\<\\<\\<\\<\\<\\<\\<\\<\\<\\<\\<\\<\\<\\<\\<\\<\\<\\<\\<\\<\\<\\<\\<\\<\\<\\<\\<\\<\\<\\<\\<\\<\\<\\<\\<\\<\\<\\<\\<\\<\\<\\<\\<\\<\\<\\<\\<\\<\\<\\<\\<\\<P\0\0\0\0\0\0\0\02\0\0\0\0\0\0\0\0\0,0\0\0\0\\0\0\0\0\\0\0\0\0\0\0\0\0\0\0\x\\0\0\0\0\0\0\0\0\0\0\0\0\0\0\0\0\0\0\0\0\r\\p\0\0\0\0\0\0\0\0\0\0\0\0\0\0\0\0\0\0\0\0\noo@\0\0\0\0\0\0\0\0\0\0\0\0\0\0\0\0\0\0\0\0\\0\0\0\0\0\0\0\0\0\0\0\0\0\0\0\0\0\0\0\0\0L\0\0\0\0\0\0\0\0\0\0\0\0\0\0\0\0\0\0\0\0\0\0\0\04\0\0\0\0\0\0\0\0\0\0\0\0\0<\\0\0\0\\0\0\0\0\0\0\0\0\05^\0\0\\0\0\.\0\0\0\0\0\0\02\0\0@\0\0\n\0\0\00\0Ѐ\0\0\\0\0\0\0(\0\0\0\\\0\0Z\\\0\0\0\0\0\0\0\0\0\0\0\\\0\0\0K \\0\0P\0\0M\\0<b\0K\\0\0\00\0\0\0n\0\0\02\0\r8\0\0 \0	\B\0\0B\0\\0\0\0\0\0\\0\\0\\0\0\0\0S\0A\0\0A\0\\0\0\n\0\r\0\0A\0A\0Q\! \0\0P@\0!\0\0(A\0J\0a\0\0\0\0B\0aB\0N\0\\0K\0H@\00\0\0\0,H\04s\08Ps\0	Q\0\0\0\0	,r\,@\0F0\0I\\0\0\0 @@\0\0\0(\0\0 S\0\0\\\0C@p\0\0@\0\0\"\0\0\0B\0\\0\0G\0\0\0\0 p@\0\0\<\0D\0@\0\\0\0P\0\0 Q\c\0	B\0\0\0H\0S@\0\0\0\002\0\0\0c\0\02\0\0\0\0(\0\0\0\0\0\00\0\0\0\0\0\0\0\0\0\0\0\0\0\04\\0\0\0\0\0\0\0\0\0\0 \0\0\0\0\0\0\0\0P\0\0\0\0\0\0\0\02\0\0\0\0\0\0\0\0\0\0\0\0\0@\0\0\0\0\0\0\0\0\\0\0\0(\0\0\0\0\0\0\0\0\0\0\0\0\0\0\0\0\0@\0\0\0 \0\0\0\0\0\0\0\0\0\0\0\0\0\0\0\0\0\0\0\0\00 \0\0\0\0\0\0\0\0\0\0\0\0\0\0\0\0\\0\0\0\0\0\0\0\0\0\0\\0\0\0\0?C0\0\0\0\0\ X\0\0\0\0?\0\0\0\0\0\0\0\0\0\0\0\0\0\0\0\0\0\0X\0\0;\\0\0\0\0\\0\0\0\0ngV\0\09\0\\\\\\0\0\0\0{0\0\0\0\0\*\0 \ \q\q\q\q\q\@C0\0\0\0\0\0\0\0\0\0\0\0\0\0\0\0\0\0\0\0\0\0\0\0\0\0\0\0\0\0\0$@\0\0\0\0\0P\0\0\0\0\0\0\0\0\0\0\0\0\0\0\0\0\0\0\0\0\0\0\0\0\0\0\0\0\0\0\0\0\0\0\0\0\0\0\0\0\0\0\0\0\0\0\0\0\0\0\0\\02\0\0\0\0\0\0\0\0!1 @A0\"q23CPQrB`ap\\0?\0e_X\n8\8\8\\RCXSf\\,C\"\4Z\E5*HH\0؀L5 z~rjx\'\%&\\k\KP\,Y\l\\^⥄AgĿ\\=ZG\rpFO\\e\C0nx/-^\\KXT_Jz3\0\L\M\2\ \\0)M^̚KTXXUb\|Q}\\ZXI{KK=Ҵa\\\\\rd\r\\p\nS\\=\VO\\\\\\@מzWǢΝ>\\\݈\\5Cf!\5o\r\pو\ɚ<,	)j&j\j\\\\"iD\AA\\D\iD#\Z6/X\\\T!,n\9\c\\qΞ{\@X+zs5\$خ\\0]\\\TbPWz\\\\-=k\\ۏ@\\m-\־\Kn:K%CU2E%L9\b(2_M ťa\\\\j^%B\\A.r_0\ev\\\-\r\xC \K\|z\㹯]w5\\q8K\\\00,Sķ[X\8\8\8\\$	AKv \0lAV\Z+EhV\Z+Eh\V\\\0.\0\0\0\0\0\0\0\0\0!1Q 0@A\"23qrap\\0?\0Ph\\0A˝\rjμˠ4L`{\a-̚^\\`	\\"\ Ft0$\tD\a\\\\\\7D\w\\hC/87y\,\\J3\<\\\.Y/M\>vFz \\k0\\05\K\`VyAc??\qT@\XO\[<\Z$~9DR>gdL?\b1R\4B\q\&\\\+ŋ/\]/+]a\'\0D g5\bT0\\0`\\5T\t2U<\\"\8F,^\T}*TRJ\0*TRJ+J\0\R\˗.\\\˗\n+8TV^r1aG\O|\Q殍\y\"\}|\h\g\0/\D,ODI\\Dqb\x0d#|\}\cf.jGy5SF\\0L*GJ}P\b{\&F\	qE[da\\)#\T\\n^qUDf7	ı5\\+8\}\\Bo5\\Q_-5\"b\1,U\9匌\c@j\\J\\O~Ku%~#B\͐(/	 1\^I\ĦZ\-w\]\\\yk\Z\-w\]\\\yk\Z\-w\]\\\xX	w\\0F\0\0\0\0\0!1QRS \"0Aab#23cq@BPr$4CpsT`у\\\0\0?\0ؘcy;;cNIѶ\\-\\/hEEETX\05\\C\.-+8\8\\`\\\NEU|\QgR7UDU=x0\R&!{\\\|\}JM\Z\GG|\%U\N\\P\\'\&F\\V\XPs\ZR\\\r\.\;P+\\Nr\n;\8GSJ\\n\\0\v\|)*bF1\t*\k\rmV\\6פx\0$@1\1	TUt\0*\"\\\5\\+U駧)\0\E(D$Q\"HE(D$Q\"HE(D$Q\"HE?DZ\\a^]BV\r\\4p\00@E*/juHZA\n(\Q$DUM::\>\6/5\\@\3Z\H\\0D\~T/D\\r`Dѥ9\KJ$<ۤ=\MJd4d+L4.dv^\b\\ޚg*\\Zzp#y\\`Aj!y\nWF\\rj\"F\fpN#mֵ\V),JO\09U\8\\÷\\b\Nᢡ\nW>ظ\4\\RHVҒzQ/ҭt\m#\CT(4M䢦l1\r).JO\09U\\n\.nS\rT*֕m5i/^\\J&\\'o\\'e/DiʓCyL\\{6>J\0IKOtL]\;+\Z\0\VqzTC\\:AZӨ>0\0N	+8S\\\:I	4\RD\\\.Ch*+HۊM 	\/Q\=zt\n}0ER\'QGa.ȅ\\Pi*\\*\ c<ʰ(2\k|IU(UaHi+eޮW\3jTUEΥ\^hTe\\\.Y\0ER\'QGa.ȅ\\M\"\\\\\w0\\nM^Uʫ鿃+9\rMS\\%\m4!*jjA7=\\'\M@\V\[vm\Zu>\%~\l<\\4\\\@\W\r\\uu\'P\\"$DUѣ\\3\r\!>\\\nB\W>h\V\nU\\\_ժ\0U\bXV+\bXV+\bXV*w`݂v\n0]\(w`݂v\n0]\(w`݂v\n0]\(w`݂v\n0]\(w`݂v\n0]\(w`݂v\n0]\(w`݂v\n0]\(w`݂v\n0]\(w`݂v\n0]\(w`݂v\n0]\(w`݂v\n0]\(w`݂v\n0]\(w`݂v\n0]\(w`݂v\n0]\(w`݂v\n0]\(w`݂v\n0]\/\nEuaUJ\(1;)*8ڒ\n4\\2\\ER\0WƼ\%U,AtS8Nj\TKtUu$\n\]iWV5*UR\_.\Vn\\	R\\/?Hc\y\bNT\\fkYCjWM}\XlHLl6b$*\%uChN^`\\\Z|VUqjV4SX_\Ӛ\0?\%B8ui)\\B|_Cu\Ղ\(;)\*W5DҎ*Mڮ\'\\'\\0a#Up\ʪ\J-!\$\"iGI~\*\H#W:kD(mUV\W\\0$`!\t?HU`\\\0\\BL59r\\rU/jA\"\*\\K\5F/v\û\\E>\\L\WR\a\^W\QyU+\|\"\S\Խ\\\m>\\Q\\(\VEA*\Ch\.ՆME\* Dd5c\ZTB\\hNh\\g>\eڰ\@?H_\ӛ1\0p6~i\M\$UOdPʾ\"N\nU\Q\\\\"m.\T\0%\P\Q2\`\V\\)yQp(\RO\\Z\CN(qW\\at	\nV\0K\0ҙ\d\0b\sn7jAhʋwj\\L2OS4:@-At\r{!\#\_Hu>I\r\Tܫ\]\r\n\"/RА\y6()D\_Жb\ENۿ֐D\\%\IXG\[\'3@D)H&VT\\ӺGAoQ}ؿTJ\V+y5WULU\"Ar\\֑X!\\D1Mh\**\O-QX/l\R/&\'lV.\\6iU\"*\J\;\/&)\"iXC\ZGj\\"ekE\MpN]0u_(#yW(\\5\b*\0\/:A\\'{\0PEeåT\/\\Z^t2D\\\:E\\%{R*ҬkZ\"@\\0K;~\0S0\_eUV\ZR\<\.:\U\0Q )r\\Mz4RzU\Mh5Tt\tQ3C\0R\,\\Y$Jp\\WYQ>\\\\1)(\yN B\%\\5+䴪\0\+{\ݭahJ\f%(EOSN\\Z]B\Dn\\nbzǳ\\Qo*@\" \C\HF\\\l@7	L=@n4\*\ i4UanL:](h\\\0s@uK%㼈\P$g]YA\U\\Uuer\\\"GGp\0haBP% {5hu\	B㤿\kHZWGI\"E\Z.( H\Ix?H%3%ِ\n\nF\\}\׺P\"nִ@˥L\\r_+\\\\	Us\\ (\TV\]P\<!JC\"p*T\%kL≞Zb\RJBHg(m5DD\GRE틣D\-0bY]T\\\S\0\\)(\DA])X\"\j\n\"\"\"\\R$D]0\n\"Q(\.(%)EJEѥ.\"V\njXloWJb.~ԋJQ)\n\2KHQEJ*%\"\җRm\P\D* \JE\E\nV(tvR\n\iD(\DXTҕPHWhAԔJ]Jj\Q\nEJ\ѥ.\"Z\+ER\4A\rڬ_o>eI_^Z^J\\I<\\֕J\\z\䮨	\\\@U\b\B[\HBZ!%~D4\ ҙ\-]\X&!,\R+\/\y\I!LSI\'\w%TD^d\4\a\0\*=+\\RXmi[ٍ3o3%~\"]lG\0\"Wou;kE`ʙ_U҂\/5{ܮpY\:\rDR.\">\\"{^qQ&7\\\\\.\"\n 釔qZBЕX%hp|\bd\r]\TR\D243\z)6N:}\|h0GW\.{B%ԉ\\\hZ\=q\\\g3\\\\z\=q\\\g3\\\\z\=q\\\g3\\\\z\=q\\\g3\\\nUtrZ9IG>3Ur\\\\z\=q\\\g3\\\\z\=q\\\g3\\\\z\=q\\\g3\\\\z\=qks\Z\$8jᑮ?tUaDhHa\e\?8EBDTп\ڎPAyK\\-K`B\i\!EE:\2d\kغ;\\'ݔY\r\\Ig\s,\\Q%,?͚\8KQ:XwJ\bVYfN41*Խn&\%\n\\K⧟\N-\0%ү$XmU=9q\Y\,E\\4i߆\bSZ\\H`\_\0\FN\an\\'ey\\S%\{8h\I\\4m\냨\Z+\kNҹ,\\S\$\\_Z7hrbIX+J4p\oUE\\b\\ng\n\jhi!	C)O0\\WR\\M\ro)iXk	\Y\06*baa\p\\㻟xU36ٻ\nÀm-\\Z,Y\\D\_\mb\4\Z\W\,\H\wR,\F:\U}&0i/]dj\qdM\񪨉UZ$,J\\n\\\nt\^w(̧q<]\9i4\Nvu[\\6ڱ\o_ZbJuHW迮\<1^\0\0\\f.\^վ\X\8:\bX\>\j$\&]d\\+\\\(oc0\'ۡY4\],\\kw,8ٴJ&X\Kٚu\\\-B,7\h|I\\\y\K\r\֝]\\o\2\g4DO\#x}-\+\P-\,\P\S]\Y\\N~\"D\L~]eWe\\\\,\\\\"ݚ>\@\7ܔ\\ʦD<.Kk<叻8+M\\\Ik0g\r\t]U\4$\\ĝem\U$:Nr$$\q\/\[~X}e\Y\M5W6{C)FZOp8ZD\g\-\WI\Ӆ̝?\e^\PŘ42\~\"M1g^\0\Ų\_\kJusiI2i\-W\\0q\\}\r/10\\Q\ᛟZ4R|V\yĜ\L%\\ӪSR$Bt\N\\\'\\ӿZB{3\0\0\R{r-C>\8\}SEވ w\×\\\s)\#ze\TU]	,ÊK\\e\e\141BM\n<9{Œp\\v,vSjI\YN|F\8\%F\I\uk\~b\\rb\d\ֿd\Z\R+6:P>Bc\Iz\'hL#\?¦g)\\ZN\f\i6\:hrk^\7Z&M@\raܼ\D\0O;\\zVr\W\"aa\(\\\ݕ\m˪\pٓF&:RїP*ꉹ-B\"\ng)\\\wK\~e\EY=ʱg\P\\7q5\%y\XU6\+=]|\8,\".\zLK\0\Ĺl\\'hEw&>2u|K\\x\E\?AX\ZyŔ^\\5\\U*XaXuG\\\2!\\\څvZEP^R\JҦ\\"CCuB6ݚ.\E8\*\NqGw_̂W<w\kuf\|\BI((\a\\2W麝\j͚x\0\eEF\'Ś/UkI\U%JVUl\;E|zX\h>H\>B{y\\\2\E\HO\jZ\KW]d_u\\\n22\\]\=\C%\0SB\7\tQV\O\\ZJ\7/Ui\\$H\r\@\\-\04}ŞWC.\+\E\D_c \R8oM\'r*\-1uET}SX\SerY\\bP/̴*paIPxQuU<\\(I.\.WQ\0Xt+\r\a\\\Xig\\Zgu(j\Ja\cR-`zґdAԵ\\\,Gbs\\\\A$>)2%\n\\K\\V\^\,®\Nk%~YUi\?ݪ_t\ޣH\i/\Yzc\+w&U{8f$\pN\^\\,(ٞu.\̵$27\lupZYj\(\\\;C\L%B\C\Xh{\`ݕ\*\II;D%|DBzTmY#F\=kO.Xh\$&\{!&\Vʩw\\\	\S-+cw[#\_\ZL\i\r4〦1N\")*\"iXe&5\'S<W%]\\\,\4\^	\a\ĩ\\i|]UT\E51j\lK\\ZO\nsg\\ӝĉ^k\N|\\vQ %\ς\b1dp5|DTT]TT\^\'\@O\n\nhHTEEEB`Q*ve\\Z\uY)\t\\\cP\\hZWN\O\YAF\\<\o:I\9֨t\=iO(J\jZ\$\\0\MI>\W\$\\w\\M9.\v\/\"E*Ra\QDQG\\mS:\XQ-\F\\w,Y\zT;\g\\ęq{\\\DW¥x_\֨V]QEw_Q\h\K\ZyĘ_i<U\\4R>\\\\\\\~z/\9tY]Jqߖ]L\ߚwi\crY\\φ\\?Ey:~\\/bV\Zk%\aɪkY\tΛ\Ώ%J\\K\\-C;EX\\-\N˩⯜J~Y\\3\b\\>\cu\J,\\mT\\\\I\\}Z\"b\- ,4\̢m%:DJi~h;X\rzYv^E^rÃ\\CG}=iϵڶ\Ze\r\Z2\_e4}XŖuQ\.\\l\RB\"vŠ/\'\H\\mhE\gɠ\˨;ίu<\D/\7ܵ\\<\pu\\'\e6\H|W>\^ȢD\\a\)ϴB\\wb\;\+N|\ߚu{\\!rU2\\n1epu㨵Ȇ\Ŝ\^J\\^u{\\\uٔé\X\\M\*۝\_T\E>\\\?l\}\\,K\\Z/\ns\e\켢\\\\\\Ql\?Y\'\C\\%*Kؑ\tD_j\N$\_(;M\Ϩ1MYm\di\M\\5\CQ$֐\\\Ƒ<sN}|\@\%\\˟k_\1eR\.mf/mYgV)\\\\n\jJ\U\\%1.~4oM\"좯Qhb\\rh;\\OyĈޚkk\T*k\sK\Hkp+\\\AȎ\\]7Ӟ\\\}\\kTshb\s\wן8x.Q(8r\|\T=giA\\ZW˝hrYS֑g\\]\\"E\AjRk@\E\͵ٴ\$:nu9\re\\D\K7ܔ\ZNܗ\fC5.\$RM}k\ϝJM;\ĳ-H+iݙD\ENsKؕEqN\/\&I͞Ү+\G2\\\ϝj9WD6S\Hd\\>a+\x\\m	a\ċ\\!/E\\ɧSq\"\$}\ysm31M0.\^\.u6\֔\ }y֛e7A75\J9bVi>ϴEމ\ # \r-\ZrT\</Mv|\DTT^\TV\Se`\n\	kJ\f\}\\U\$\Öm;\6t\u \\\"S\r\6Re9Cp5yt\>\E\\o\\|\p\K-Nu\elYn\\\SD*di-b][\rIMfd5\<U=eb\Z\\Q\\a\:=\\71%^\ysmcɠŒ\\2}Św\C×2m\)w\C\\rk4\ Ś\n\\KDU^\2dZֱ,xo]\Eҥ\ZŞ\\w\̘,6/06:˟08\Z\<7=Eʹ\\\ZDx\0-e贝\Jt]^\\\ɓ+\#\q;\\\n:?e9\0Ե\\\\'~eSe)h]E\Z\\p\4hO\\\Z\|6\[w#\O\Z\\\KK\\'\rw%OYemcL\0\i_<NjXw˶\ !^Ԥf\\ 	D+\iA\(³G7\Jv\̴ݿ1u4R,&\_h\xb\O\\u>\\\|qdtuZaz^\\Ew&Q6\\-k\r\r\u\n\'>\\\\\$\\x\N;0e\Z\'\,\\K\"\qi;}	Ho\n\\s_\r}6\RV,\\>\wf/m$YGV\5/\>\\\\\\\;\ț+NT\\\~b\\n6gi\\Z\|Khe9VvK\Ft\"V	T\WVo	\rIjfQ\"\JJ7\^}s\Z\k\+2cV,7Vk\6w%_\$\\I\u7{Rl\X	!\n*v۸Lv\(WGZ\EdG\\r\n\\%qg̚<IK$\\\\\n\,ӹ4)6\k&\E\\L6\\4\,å\F\\N\\^hOe1e׈v\\jum?tH50:>\\\XJK\ͥeIa0\w\\$Y䧗\rthY~\"\\nGy9;־q w僻.U\qŖ\\\\,fe\&.\d1]\0ּ#F\Z\IE\@\BN\\NuS\\\|\p\$68\0\.d1t|1.xoZu\Yԙ$YM\hi/\\_\ZSRs\/&\\.NU9)AV6ޘf7u\K\ڭ\۟hO\~	13ֱg7.\8ę$\MpN\\~6\\05b\n\\{)\oe\\\r\\\͘o\RċݗZuE+S\󃨢]\V\Z/Mnp\SJ \Jp*\uCI}\\Y\'R\]x\Q\n\b\ns0\[\\υ\1]3\Q.l:kX=(s\ne隆Z\KvP\x΀kXxцHR%ǘ\\\\-1&KÔYܗ6	ϴY.P͵\_.m\NԤYN\ͽyZ^~\\E\\Z#\_\Uj\ж,\\b\v#[:b\j\\`xf\E$\_^q)2\\\-/ \TW [5\+\0\\^\yİb>\J1V̇V&\Vd}b\g3u~_u)	\'p+\'Ya\\w\M5%|Y\\'\.l\Xǭ3Ha\\'@\,8j\[K\\2\jN\n\{+чIWE\\5p\\JI\'j\3\IW~ff\\\w,Y\YV-6\k\iXݫD+X\\rYAWL\\'竴\\NFY\0ԙ\ˊ*vk	\rI\i9rYG \$\xs\NjXs˻0\\\Z$\Ř\W\վ\#.\g\N\\y\]YŒ>\\\=M\\R\0\.U\!\XsduF-2^YarZK\\o^qO\s8\\\y\)b\,\q_E]2\rl\,\\ۛju\-E\[6\-|^\\XF\)ՙ \n\D[\Kb\f\\0q9\wŒW:a>\nb\_f\xG0^Ԥ*(j,fe\K\r`\ZS\-\	TUtI3\\'\\\\-7o\kXl^\<\bP0\\\\6\\^\X2)6afL5f+R%G\\Zo䌧ԢY}\\ߤ&\\\a}I\%?\%\}M\qdu5\r\\\vH\u\\˫1\Ot?1 \3\_tsXpѠ#]ؔ\\E\"\"\"\"p͞\Jyĸb\k^sنUl\{E(ڜ\E\'\vqf?tե\>KΣ-dFUb\c\rE\m^\D=)(\\\\\IYS,YO\W}Yr\9(iEw\\\gf8Y{\4ě/Z\i;sX̝_s\'\\uU|T\\.q\"^Ĭfg\KDGRsg\ai\&i*R}dM>D\3G\c\Oڙ:yk4\\%R\\':.\\XZM5\\N1\\\\\$fx3\H$\a\%\\t+\NӟZ$K43\iA[p\Rĳ6]\\GrYSii\r\Lϟ>\\OtH\p^\s\	li9|K\[Ϻ5\\jJu$N\en\\4\Mˤ\TɢUQtY\z5έ\"zo\d\Z[\ǯ};֛w_C\$Eu\rK_>muxe?1e7\75\ϛ\eS3HєY\xk\M\\\n\\\\\8ejƟלKAU\\r%\MdY\.\М\JV\pIZ	<\0@o\\"ry^\7~x$%p\{\\\ڍ^g;2>,b\\Xo\nY\W\\ZR\\qLބUEEĵ\%ȵ\F+K\\o\\{b\u쇢<rU}\\DDs\\$ҳL\0npn\</\K\\Z]`\\%aoN\HMKk\j\Zt\_u\(\St/a!:\\֕\<9gp\x6\Zש!BEEб9*\\]͔7G\J\"s\\죾Qf\r\\Wi&˽,\\\\DTbn\P[\\:kAJJY\\M\\V}9\\\,\1%66\ֵ)Α\\qpTM*َmtWlqY\Cvt\\\H2\k\.\_\5Y	\_Wk\'\Ř\ޕa\x3\dce4>\Cm6\P\&\\[] \O\\'\\,/]\\u\4%>2:Y>\nb\.\\\\]\\|]\\'=Kgp%c\\\"_\\0\IO\\\\hu\rb\O`KQ=.%znw\&	\QD\u<\r\6֑g\\M\\nEo\\\C!\*E_\ZG@\\I\x)(:.}?Q>v%R\?\:By<I[*pA{(s\Zīxr\w\\-\\]f\"؝Y\\._i|i !^Ԥ(\\Zt,7\x;\:\\n[Ù/qe7WL\S\\\X\LK/jĺ\a\\'\-F	\H2\L\k\ffRE\HZʵ\F\ZK}I\"\Olk\\mQ\\\,ŬЕ?\\ZŒ~m~d/A\\F\^I\ZR\\ϭS\\\^ܟ\ګO\R,Ԥw׭C\YEI/\3\ziؔ̧:\\\OH&E\\aSq/XEQZ\c/8\/\K\8\\\2\㌿/8\/\K\8\\\2\㌿/8\/\O\8\\\2\㌿/8\/\O\8\\\2\㌿/8\/\K\8\\\2\㌿/8\/\O\8\\\2\㌿?8\/\O\8\\\2\㌿?8\/\K\8\\\2\㌿/8\/\K\8\\\2\㌿/8\/\K\8\\\2\㌿/8\/\K\8\\\2\㌿/8\/\K\8\\\㌿/8\+\0`^\\H\kv1\\c\\;wc\\0݌`3gv1\\c\\;wc\\0݌`3gv1\\c\\;wc\\0݌`3gv1\\c\\;wc\\0݌`3gv1\\c\\;wc\\0݌`3gv1\\c\\;wc\\0݌+-n\\\\\\tD)~\\O\O\\\\\tD)~\\O\O\\\r1Q\:\ER\"&Y\-\\w\ZD\\j\{ʴH\G\F9QTdc\\G\F9QTdc\\G\F9QTdc\\G\F9QTdc\\G\F9QTdbJmfP\'Hx&i\\0D\9QTdc\\G\F9QTdc\\G\F9QTdc\\G\F9QTdc\C$\J\G\K\\\sOQh	z\\ΧbxV\0\\wv^Q\켣\\yF\we\.\\\0]ݗ`/(\wv^Q\켣	\\yF\\'we\.\\\0]ݗ`/(wv^Q\켣\\yEɆ!R\'\ËuUk.\\\0]ݗ`/(wv^Q\켣\\yF\we\.\\\0ݗ`/(wv^Q\켣\\yF\\MD\]4lױ+\r%\[Mf.+	v4BDN\%\\$g	\˱cKoF8Զ\cKo8Զ\cKo8ԶcKoF8Զ\cKo8ԶcKo8ԶcKo8Զ\cKoF8Զ\cKoF8Զ\cKoFn[z1\%j[z1ƥ\j[|1ƥ\j[z1ƥ\j[z1ƥ\j[|1ƥj[|1ƥ\j[z1ƥj[z1ƥ\r[z1\%r[z1\%r[z1\%r[z1\%r[z1?:.kjŜ\GxM/&Qb\WR.Si3\\"~\\\6k*\Jk\0~\;\g4^\\\ߪG\'\\R9>ow\\\{TO\r|\\\#\\~7\H\ߪG\'\\R9>ow\\\{TO\r|\\\#\\~7\H\ߪG\'\\R9>ow\\\{TO\r|\\\#\\~7\H\ߪG\'\\R9>ow\\\{TO\r|\\\#\\~7\H\ߪG\'\\R9>ow\\\{TO\r|\\\#\\~7\H\ߪG\'\\R9>ow\\\{TO\r|\\\!4U\\ZU^ʿ+\9W\z\*X\_\\c~Wr\\T^ʿ+\9W\z\*X\_\\c~Wr\\U^ʿ+\9W\z\*X\_\\c~Wr\\U^ʿ+\9W\z\*X\_\\c~Wr\\U^ʿ+\9W\z\*X\_\\c~Wr\\U^ʿ+\9W\z\*X\_\\c~Wr\\U^ʿ+\9W\z\*X\_\\c~Wrnc>Wr\\U^ʿ+\9W\z\*X\_\\\k\h/$M\nɢ%>\0\D\\\)-,UNQtO\\\_f\ \(/\h\"m7\~\\A\&[}\\H\0h\\?\\:O\\\0\rߠg(/~\\\\\kM\0\\-%LP1ӯtEM\M E\@\L*我8aF\~t\6\\\\q\\e\\n다\\P\\0-\0\0\0\0\0!1AQa 0q\\@P\\p`\\0\0?!\0\\\	-XID\v3alUB\Zp\4IrǑ\\2B9I{\I*\e\5\\e\Z\\\\\|iӾńa5\\r4\{\\W&X\E눴)LWe/5<K6\iK3Iѩ\\$Β^-T\|w_Fz1j%=\Yp,G\&yo~\1\\`ؔBgl\\ݎN,)VMA)\B,\24ӧ4B ksscW\n\h4\J9ľ5\m\\eh\Zh\Zh\Zh\Zh\Zhl_\A_˓$\\0ˈ8-|ƛ4\5%\d҄\Ip\\\&!.\\n3k\%\\w\Nߨ?\0E]\\\ԺG%.\\\Z\H^m\\FԈ]\umW`\\q\s\\l\=g\\\\h\n\\p6<5)&MVj\+ l\L\k\Z\]|Cf={eri8mx*KbYS:wbZ8)\V-ܭI)v\.i{Xb\Z씕4`\(\\~uB\\>\ma5\D[\b\7|h%r\Zm\"\\2pj\è\&Luz\aii@$.\[\\$nB\\\\n\T+JeH\p`dH\Y`\(\\\Z1V샂*\0Gs\\\olʤf9\u=rf%/\(QbO^\0\\nr%md\\\\*Y\2pǯ\?[Konv={\0EеI6u{18\\\ʓ\ɓ&L2dɓ&L2dɓ&L\޸\Ǯ=q\\\z\\\Ǯ=q\\\z\\\Ǯ=q\\\z\\\Ǯ=q\\\z\\\Ǯ=q\\\z\\\Ǯ=q\\\z\\\Ǯ=q\\\z\\\Ǯ=q\\\z\\\{d$8T\R\\ۥ͸\\[U\23\uJ͜ArIZR6mB\uD\&\V\Db\vGhŞL\If0p[	ڒ\\Ƅޅ\n\'U#\V\Z	\M\O*\ȌŖD\4$W6PFa\䓼fHM\n\"e(u͈FƐh\z2%U	O9\)\g\\R\c|CM\ͺ5oNB\\\i7#*2\U\h\\JDre/>\ܹ)%\I\"!P\.\:M\&qHdۛ3\\0Lb\\sI\W\E]\\QWc-b\\n\Ī\\\.\t\I4eFnDJ4i%5aZ-CJf\njhkN\\m6Diy\ߎ:@x\d\X$\\qrW@@\Q#Gi2FF@\,u5\Ɖd3\\HRRaQjway*Bjk\m)8\\@Wy MUG\X$ELʖ\=\Q\RC\"KCM\\^+=tȧ\rʑ/h=\A7\\0Z*\1\Z\!\0[ꁪ\^\bՕ^-L\4WhPJt\Zh\\\\	$׈\\<Dʁ#D\\UlJĺ\5DSYIM444\\0	Jj4Im%AmHM!*3$\S$!9VZS}Jjh\\&H%By\\%5	s19Jj	\xZn\'8MI)ȡSYEBmK\\(\#ҕU\nXNqz+\|@CEk\D\1\rRj\aB\<\n[\ܐ=\'E\F\.Da,7UhL\\B\6R;(E\.TU/\np]HLlĈKȮsFMs,y\':au3\ʵu%HD\4\yʉE%u>DS\+ex5ֵ\'w,X\"v\!\\\n,\Im\@a\9\Uj\)uGX\"TE\ZVB,\&6nD#j \Y\{ajz7B3JA(\!i\q)\uu\6h\wXX\*\a \p#=\\NFm\2S\M\\\_IC\Z\\ipw5\Ed+mtd$\n\n˰\S\_Y7io,n\\"q[$N\J*%ZեIY7R\H$\NW\rR\\\6\3\0TDv6\2\q&[/!\\ͺbC\jͫA\Pđ%2k\\\%	!-\\6\\T$\J,\KF\Pd(%A.d\nG.\}ȡK:E@\Elͱ<L\\cj\@\K($\r\\,z(\rv\Ӆ*\r7Q\\\,WiR-I\;\\\ڴIt/$%Gȩ\m\n	R7JܑA)&*\'aY/\r#Ê=*$29nR4HZɢ\Z\KYɏ4Be\W\X\\\7\Z$K66+\K	$C\K01-nyH\(̜\H\\We\n\n$k\0W/8l\P9l\ZsT\4SQ׈$\KU\	ҹ\nY\;\#1\\"<L*&8\dҕ$\\cvl\\)\'^а\k(p\Baإg)z9Q6m6RD<)}JW+ċN\\v\')j\C\)\0\\UY\02euQ\TO)\0\hAAAAAAAAAAAAAAAAAAAAAAAAAAAAA17l_\\\4w+((((((((((((((((((((((((((((\       \72@6\@L+3CJ       \\\\\\"CY.\\{t۲^A\^\\SDLn\_cժ͋K~\VD\\11\\ʧ0v}\'I\\\ʨ}\G\\\\\m߫\R͔ɩ3@\lS%,X\\_$\\Q?`\sx8\S\\s\~\\&:\)LPhEʑd3Id2^o\jQ\rs,4F\.\\L;i-!e\DB~I\ F\o~\ms\~\_odH\\\\פvȟDT\"\~8\Yb53NFK\S\\RO[纲45iD.\\\v4}r\\'K[r\3+\\i\RGoB\p\\M\lU]\_~j\0.\&-,PF\0\_\\rCISb\\r_̞mx?B?eI\U6\V=w/̈d\rtOk3\|Orr1\f\2O|9\\'j\ZP\\]Ə_\o\\m.\\ow\5}\qS\\rO\\N?j:\0dg\I=\]mN-\0d0\-ype\\\h6t\\K\\(.\{!9Gc9	\$\ٞ(9	B%E-*]f\$e\d\n~Y\\1_=ҝ\\'\\%؍5N9I1\\7V\?\b\\\\*\Ү.0\2TLМ\\\O\\"hLsj\s!\>9\\ȶ\IQ\{١\w\׃\r\T7&&\&\w\rhr\T\\l\\k\CF$\\_q\.\K\\7\\MZAA\\\٩pT\Q\\#dl\Ù\]j\\\\Ueu\ \\\)bK.x\G\5\\절\/ѱXˈӉ._ \KeJ_3\\\\\.S%*\\\"ki\EBnӡ&Y\\r	g\\"FaT\\\\\R	*!Z\!\\Zz\+\;	\>H3ny\\\\k\\c\?.m\A\\fh\V\}t4r#W\'\џU\Z\^\9*+\>K#M\\\|\&c1F;\nѭGs\/\n7,[\f\MN\r]S\l]\א\s3R9\\m*	d\\\\s}s\\\U.x\h\G7Djbxס	\Ԧ1Wp \'^׻oY\\~U\'%ąsߠ\0g9!\\&Ӕ\M?\"ΖBZS\\E\w\\\\Qɒ\N6W\Nn<\\9w9h\\\\By\G\rBPЊx\۲B\BܛgbY\8Q\\Że\\Ԩ1vd7\\9g\c\̰\Q\]B\ci\\7y$T\S7\\j\Z\Y6j\^G&w3\)!<\\\W{Ra\+\\<k\\0d|\j.\\3o\r)<\4\s\\O6D\\\n\\0\\Ջ\ˀ]\`I7*\\-˽8[2\\\>\\f\\NF>o?\1V\\Щx\ny\N<~@I%eC\\\\r@k\O=\\0\(\\'$\\Ѹ3!W6+ͽi\vϴ~Oh?Н\\r\g.D/\\8U\}c\\\\\\\#\\rnHN}\\\|\\O\,\\06i>0Cn\Eȭ\oʦ}\Z\<,cr\˵\C\Z$.\5\Á7BgY|6\\\Kw[\ҏ\b\}˓3+v3$y\޻\g\z\+\E?\\nuy,b\\7V]ϭ\\[(Mu\M\\S$q\\xEѐ9}\0O\7\[{}\\ːlK	\ZxFpϭ;KdMu\\\$\y\SBԕ3.\o\\h\\\\&\$	a\n\\rtm\\5\VD\gߵ8\\!L8<\u\h]\k\\\<\ҧ8\\ZnpJ\\\0\fh}\\q{\5D\\$=_v\\\\`R|\()Et\-:,L.\݅R\\\#Ϋ#\U>\4k+Af\\\\\W\n\յ{\\̕\9KCqE7\V+\WO\z\\s/\m>Cg\\"\7J\K\\c;\Q|7fKϹ/\\\\x\'~ \De7\n_\\\\a\\\ר4\\\&\'\\\[+$h\7<\"\.N|\\BnʋtY\;\<\7-8\\}[)i\n*TϽ8G\'S^zSq_\X[9`߲\B\/9H}\-nl\\\=3\F\ :\0){w\cln#\\[y\.u}J\Wm\\\v:\"u\}\\7\ՊW\\bu\}\fB,\p\n^\4\5+oF\O\\*\{u\\r)\ru؍<\b\u\ȋ-/7\v$I[nLJ\Xz\7\n\t\!ʂio.Pk\+\\\Sג*5\Y\\A>a\on6e/\"Q\\\'<ςR\F\Y\^T\{;{\b:5O7AВI%d#:З\W\*\C]w 뮢I刪T\\]1\G5S.\<\\gĪKְ|Y٫9\\}%\cv\%\\\T\\xi\R%a\P:m{΃p/>\B(\Kr\eN\\Uu\\zp|IaO5FT:\ZNٱOl\\|	5!&%w\"<\IKϡ/\Ssj\:ގ^T\\\ܱ,\Q*\\t\\\\T\dZ\B\j\$o`W\\\{\}Wh\nuj>Y6\\w/\ަaF\'Խ%]P\[3:\rfI\^\\Z\2+\k$%.\mH\6\8ʹ\2\\[Ŀu\\ݯn,\\Wr\KM\\\\.\\}\%&=\n\ϛТ|5q\PIR\\0vJv[#<v\h*7F\Z皣ܹ\9;ڣᓞ\(Q\\\htO{5ęn\Ux^GQk\'D\^j\\Ց\\\n\`(\\r?D9\5/\\PYbv\%q\Lŉn<k\賃\g%\\{i\\Qe\pS\rnY-\\'e\*El\r\f1\ZP\|\ݷ\΄軼ס\Z\f\\n6w\\9B$I(Ks\\9\-\DG\mbzkp\>`5\5\$m\^\\Jyl1\s8Z\1\IJ&kf\\r\(\\Ͳ\\#\\"H\0\O6\0e[6\cw\-ѻ\/\2n\\yv3ՋQn\Pwн\'_Վ$J\w\zjvW;>(M\ZV߈\\5$\^\\'\r!7\;\4f\YeꩻTjYfzoӟVdŭ=\r=\`j\\՛.䝉}\ֱ\T2\Z\V7#m\EZ\/aa$\\سnl\=\į\@zo\0\\ie\r8h\x7Q\Yg-f\r\\;\c\\nxj\74M\ϔKɕ+khœf\*\D\0.\n\~Sor\'\0I\\CЯ\@!\UdK\\\i	$%?\G>΋\Z_mƓP\\[g\= T\\\\'	\ً|%\BRoT-%ݵ\\svH\,EE7(د\x\h[\<\\d\Gɒ=\\\1Y\\\N\\!\\LJcG3Е\^p&9ǩ\}gny\8w|8\ߪ\1^jG\*\9qg\\evs\w?\\\:|ȉ\\\0\hc<اva\aj\\Ǔ8w\`\UDH偛\9\KgүOȖ\0\\y᩻3\	\(\`RE-\z~G&4\"3޼6M^\D\.\?\"\E/r:ߗ\E>咐N\Z\?!JQ\\Ww.ƞ\\hfH\Y\/ɝE%`\\\r\"W\nTj\\2+\\srK%\\Xvc$I\\D\ܟ\{\n|&r\\\ˊr\0\G~\X犆]&d\\w\\J&3\c2\\FUۊ\KE\9\s\9s\9c\1\s\9\s\9\sIkqX\0c\\T\ԯ\z\\\=\@z\\=\@z\\=\@z\\=\@z\\=\@z\\=\TXx\\0c\x\\0c\x\\0c\w$x\0c\v\\伅}\U\σ\0B3֞\=i\OZz\֞\=i\OZz\֞\	d\4=R\\\=i\OZz\֞\=i\OZz\L\\n\\\\"\[\օ-Z7Bȸ:!\*\\{\{\{\{\{\CBM$eif{\{\{\{\{ {\6\|9\b\\rc$D\gzQ\"v8cFAJI!{\\\G=\t{\\\=\\t{\O\\=\\p{\\\G=\p{\\\G!\0c\\Ǿ=\\|{\Ɣ\\\\ciZH\W\	\AAAAAAAAAAAF\p\\d\x\qohS\ZƵcx\\cޱc[\7k\\oGƓ+q\0\0\0q(~\0\0\0\0\0\0\0\0\0\0\0\0\0\0\0\0\gq\0\\0\0\0\gG\9-2\\"t\n.B\Lm\VS\?\nE	\1L#>2	7%O+\\3\2G\1Xx~\n[\	ۿ\S\*:\D\|\\ԡ\\\KDzzi3֖F\K\0 \\0-\0\0\0\0\0!1q 0AQa\@P\\\p`\\0\0?\0\`H\o#Հ\0#еЌDړ\/AG]I:L;SHY~@\\2\4ʒ D\@ԶA\0 DvjsW\9F\"Y\\0;\\4|[XYYQ\Y\vɛ5z\\&\\lW\;\9|	p\a|Յ2!\nҚJz\Td\KPLG\\)\\(P*\\.+g\>ƀ\t#Y9\5\\Er\xx{\n1`VAKKߘ5jݔbs#Eǡ.(W>\lNu\ni3J\0\\q\\$I$I$B.j64\ږ\\\\XJu\|Z\!>\\rYbmڎܗ,\\X31xAj%\9U\\\"n\Z\QS\e.\QV\\ux7\"\\0$cNwR#g\\U\n\q[Pm\DzpKJ\r\'7`*V8\)F\;00̳T}\G?3!dG\+5o\\ M\\\\R6jx15Ȼ`[\0ic:\[3;A+F!i̔\\Gx!Sx\ndƐXs(\T\Z\{\9MhZzOz?`t.Wt\\aΪ43\"U}\\\7\\\e\\_\Z\\m\#嬳 72Iܑ͂xs?$mÍ\9DZ*\<PsK%<3\7\"B|2nJ<\\{I\y~\r\2@ˡ>n\1\qG)Ŗ)Q\S\[B\dڢFdy7y缵9aPH]cq\\\k\\\0\.Z:ƛ#\zP`\0S%\LwvWvWweJ\\=\J\ʕ\\S)f\V/o3!Z\zn\]\Hڻ\XG\Wc*\~S&\h\4fњ3Fh\4fњ3Fh\4fяR*\o\m\={l\\\\g\m=\{\Y\\g\u\=\{\Y\\g\u\=\{\Y\\g\u=\{l\\\\g\m\={l\\\\g\m\={l\\\\g\m\={l\\\\(\0(\\;h||L\\0d9\(\\}e5REBU\ZѺQP.W\i\M\c+\i\NM7WQr\\\\\\\*\0#b\N\&Zד)re\s\Z\nE!\'\\\&\:\asꔾ\\GJb\@C\,\\0Ra\@w\Zv燛-X)>V\[\Pb\R$)\EЇ\\\}y姊&TA_2%1!{u\*\)Zm5	f\Ӆ.ɔ(˟S-/TZ\0֮i\\=Qh/kmq\"0FՃJ]\ZsLkBm+(QTI֖zlIX˕:\GM\"n]\З6Tz {\\ZO\Ie8\1\O\\0\:p~\0Ybt\"!uR\b9\\%%\"\e;2c)@5\XYL\Y<J\Z!q	\0)#7U\\0%9k&0o9T@10\\	F\\0@)BR51\X8vydSŎ\X\!\T[}[z*)\01K4%N \F\,\c\VB,\\z\6\\'\*j\-@@\'@&fy\0f\_ˤ(\\&	pr r\A5\\\8\'I*e\0Spf\"\\x\"\С\t\@S;o\&HD\Z\\RBVx\g4p`V=5\"\τ6uh&L\\^D\0F\oP\s\'X.-`Lh%[B-DC)jP!\wxT\\x0ds\"Eʊb8\g6R\\\DZ,\+Qh\\C\9܈\rh1ޢ\IrA\0YSTJB\(\\\ŅA\PVJ\&v\ZH\\"\fS-\\6JLjꑺ\ZT	BZ\"\[aUvsZ /7,u\\"A\NaQ\\e\ Hf\r\\\rɉV(\"Y\΅x1\\tB\BEyuY\E/9{ga\0K-)[Ba\\t#oBYMQ(8e\">:9Y`\DbGmgs\B\\\\\0\a%h#8\|(#\Zr\\\\Z\rd\0Aql]q\n\{n\0r:+23\\\aة`91\lna P\U%c_=w}sZ\"BД\nb\6N3ҁ\\0*1@.\gp? \\cvNs\r\\"\r9\4.5\n	\{R/\V5\\\n͌*VSU8\Ij\\nL;X%h\\Ag\0w\R*\U֙d\\`|)9p^p\fnqA%Qms\r\Z)xB|h((]ť6嗔\R\\_1KEcT\H\'	\l_Τqa\\h]n\SIK\4\+ǈ֥	F.\epAHl0&F\0b\VńPyot>c].ZӼ\[LN\e\n\\\\0\M.CmLʹ/\B\<WB\i\p1UqX\o%SE\\n´PcFD\-\01m\̕W\'L\v9\Z`9m)T\\\0\\i\X @t Takңu\\/5\A\0\N?\rn@;\0@ЈbB\iX1s\Z\v\\\\E\E!Wk-\n\Z%J+e	\if]Y4EՈ6\\\%⌡q[C\\\4(\eN?3wRR=V#0fDO\r8\uG+وx`qFɵP\eNV+\(?! M\b]\\0\m3\\2\r\Cq\rRy#+\r\r\\0:v\ʋRzT\\0USB<\\yV\Z[\A\ԣr\nm]\Z(J<\\\\t4\L~k@ƕ D\\R\\n7Ic0_\\Z\N\\]V<\\>m*=\{Vh\"\nH\\Ɯ\0\0\mNH\\nn!\ޭ\w\\S=\\0\\?j9V*p\$\P\\\̱@ńX\訋\UĪ\\XV\9\%l(2\Q(\VFLĒ\>H\\\0٧\gu\זw^Y\ygu\זw^Y\ygu\זw^Y\ygu\זw^Y\ygu\זw^Y\ygu\זw^Y\ygu\זw^Y\ya\0|\մ\,[\\n\	\ygu\זw^Y\ygu\זw^Y\ygu\זw^Y\ygu\זw^Y\ygu\זw^Y\ygu\זw^Y\ygu\זw^Y\yg,O\\0\0\0\\\Ј)\؍]\xa\VQ\IB\\J	u\\0\0\0\0\\O7\\K\\\`VýrHe\\Q]nO\\0\\1F1_i\)\cgYϳh\ݧ<Q\GA\npA|ѝ\\'v\ܠXU|\\\a+v\Y\"2\s2\?\\ٺ@\lf*\eje,Fcv	\0lj\I\\"=p\\, J\C\cok\r\\\\ދ(8ɧ\mhj\\\\\*ט^\w\4߻\\\\nHb\=mp\0\\rAt\T\yNKވ\?<!(\\0ڸțM/$\0hlE)a\n:J\tN5\T,\ioK&=\Uzj{\\kz_\S\r\"9_Iv\\\r=\\'T\ɺO4\\\\"5E\\\V	\\P\rԙ\0\\S;P\\(ŀ_\]\H\Z<H\0ւ,\n\F0LXp\e\\\=i;PΕHfմM\)Ũ\Wԩ\/\\s\\\N>\f7C_\,\\\\j4L~\<٭)#抎ғ.~%9Ⱦ߱OS\7\r\p\`\2aQ\6q9\\0\hGęJ\\\\\[\v:\wC=\Z\\'\\\zhl<<&KG\#\\\\6x6H\x\\`ɑ\\3uX\͑G V[2\\5\.M\\S\\\t\\9z\T\pC\\2\FyG9KI[\\x4xMG2!6E\/\>\1\ڛ?(7S,8D@U\\p?\\b_ˈX\H~\b]\.$Բa\nB~\]ׇ-2L\"v\3\\\\dą\R\+m%t,vfKlR\\?>\j\\O+c0m\xCUZOUkQ@QS\nO#\S%\\0\\cm0˞J}P/*=ιqJ)^A!Rc+1|\l\0uX#8uG;zN\\䦣\\x\$\\RbxAb\r\Mʣa#d8B	\`б\@G\0v;.$civ\C1Nj/e\м#\-{ۦt\>I\yL\\^\v\'2\n\Skjvhp\\IaB0Prj\\\\\r>ٱ\\ o\Ov$uS^Ăk\8u~QhH>\\\'\\\K4,\\i4%FBF^|.\x[\9ݠ\0_myLjjB\Y\*\\f\D\\ù,=8T \ʿuYUGܽ[E낋gE\1xD>s%\|E\0\b\|-<a\)Mx\\'#4\X\\b\\+T\0Z1\-n\*xt\h%Ts\f((\=6\(\\rN~`#\r\7\\M?\k\xU_b)g+\;dꦹ\\\ۑb4f\7\LsXL2\R\Qa\6E\\j<2\3cMerx=nu\'.\o=ppk~=aK\ٰ\&\nYyOᶌ)ۄ48L\n9\*|\؂d\"R1\\\\	n\~W\\"\F_\Z\p	\NF8W\=)\r\d\\0`\]az:4\\n\\@u;\n\Ǚ^km_EjvCd7`s\۾\"D\u\\\W_\R\6I8R\pjo\7Xx&3Cz:\*wp77is\1{0\L\WA\@̶.\9\0K;HG\\!\oCqM`C4fSj\\\\X^\\\.\҃\MgjIm\s\v\\q.\\0@\\g/Ѵ\Hpnl\e\7TX\\\n g\\\;|\KMy\J/V<\[\\\\\Z7wx.\k5:(oeWŴ-Zf	\hAǁqyL.DN.\E\AS>[U\W\@\b\\\L\\\r\3h\g!\H=V\\\\\\:I\t7\	كͺaH\&dڊwpi\I\'pG\)Ϣ{\!sa!c+qA>\4\Og^j\0q{*\02\a\/KB\<\\7ӓ\%F\\\h\0\\tuŹuK	Ոy<\)d\XrrI)yj0e\+,\\;\\Fk\\{\ʾ92-y\r0\(^\\\\#:\LykmX i\PJw\}gT/t7+{O|\gx\1).FD7\ӿ\=~zk<\n9q\\#\0>7y\S&Ki\ra!ݷ/zMj[G\\ƪ$\{~\^B\\{cY\\0oٰ\\\\'\n\Q\K\$\\\\)\n\yC{Q\_p\ՓX3\Z\kkx+\}\\0\'ncܥ4mBTy_:u \/EȅO&~To\Չ^\&*\\]0U\7ڵ͹!\t\Br~\\r6Q-\\\\|w3lu;j~xQ.B݆\)r%|څe\\ni\\\_:\~\\^\\09\\r=ҕ[\pXŤw=.\BV\&[l\Ӗ\LR&E칙\\\\Q\\ƥ\r\\\\Ē\'\]Z=0\W|M\i`g7%%b\:\ߏ\@\0Z\<<s0+~\\keE9,qc\0>Vڗϼ\\\bXi\WT\H[mySn\z\0Im_\eL9Ș\ĵ\-^\ު{\ߢW(s\J\\\C$rv\M6:\I_Ƹ\zHje/̀\\\6\O%\\SEL\\@\0Pj\Z|:\n\\\=7KwkEu\g\\\'߁\\\7\mvq\Nl\y\R}\'\1\\\1\kNo\\W(\)g(zZI\"\dϕ\WV玙-6T\0\\%\\I\I\\QPW\DK\Z\fA3\0\0\8r\=p\\0\L}\\܋\7\,\נj\ҁ6\A\Zo\Q{pX]^$@Z\-\\\0\\Q]\Ӛ3\6\Z+cܠD#\Q\\׃;K,~ q\\%Frf\ʙE\\u\u\rfU\\\2W|-\y\"$\0-X\\}E7e\\#^\4q\ҝ\25J.\x\"w\\;m]xO0\Z\\%M\'k\0\5\QVcϯ_\嶧\~\R:}u\9Dw&A\\'\!Q)ի#4*;<\\\^0~\h\\6AS\rt:]t\rNm[\ٛ6Aq\i/UB:UM\5\\鈽\CO\\f\#\򟽗\0򪿏+-ϻ\n[G>DwG\dg\\c\hc\\W׆z\\FL\0X\x	 n5\ζ<\\@bbD \\]D)I߽nE/\R4\00\x:>sYKO\\'e<SQ\rB.\\^r\f^\T2\H-\\\p\\BR\_@ۋ\;\\\p^v\"\0\=4\L`]vX\\vR\:\[5V\>\\U\nk\\-\0>3\\2\0h4\c\A\?\D\\\&|\&\k@\\0\\r\SNgj\0]J?,jM8u\\\&\'/cZȜ\9\[P\Z (\\ӣgV\	\<:\/\F\2h~9gI\\\\\/\\:S\g\\	ڍyΧ\7rfJkyc\\?*\\<\1й\\r\\\\WS-\r\_5fI\+wٍh6\!SG]\'3}@UW\j\\\l\0\0\\r\A\/\\\\*0I\\\\K (2G|2ψ;b\\\\E0\r\\ۃ?\'ff?^$\b\ߠ\,\\@zr\\Nz\\01UB\k\7\0FW\PT\0\=\А\V\\T\0Han\{\sϘ|\(I[\Z;5\\Y\\\\\xJ L\\Ga\\ȶ(:\堮\X4\\\ \\\0\QU2˶B#\}D\HUh	`\Z8)F\\IkS\τaHkp|WD\3`d(\6\S\\\I\\遭P#ybz_\\\Չ\D%#_9@2Vg\n.+!\%\|/j\C\J0\0@\\\\F]\\\7A\4\\\\\4\wIѠ,F$\٢\r#\'\rr\:Nw\\y.	ӑ\Ex\\ZNB)nä\0=A\}v\kg\r{v՝1ux\v\\d\Q_\?\\0\\\\\\V\ݯ63R\sILE\\\9gx8m8S\0\n;eff\w\].w/\t\6Gԛ\%3\\l﯇\\I\\0ό.\ \NލиQ\a\\>Q~G]\&\r{*\\c\p\\a\\l\"x7~F\Q.+\\ne\\\*]\gfnދMó\]y\'\ؒ\ܬO7\P|\x\\ɍ\\\?/I)\bj\#x\h_6Z?b}\o|^|z\\\\\s\\e\ک\s\\\{\=\{\\\s\g\}\=\{\\\s\\\{\=\{\\\\\g\{=\{\\\\\\\\0={\\\\\\{\0={\6\\7`0R7a\\\\n<\G\g\E=z,\Y\\g\E=z,\Y\\g\E=z,\Y\\g\E=z,\Y\\g\E=z,\Y\\g\E=z,j\0\\~~ٹ?L?^\\ˌ\0vne&h`,Yax\\\a\f\Fă\<0\0P`\\U\\n\1\%a\Z\b\={\)\SاOf\={\i\SاOb\=/+\ǿb\={\)\S٧Ob\={\)\P\\}dho\S6\Z\`JT!o82`f]jij3%\,\-\-\,\MYeYe[eYb\\\\"\uS(Us&\\05k\-\\+ƥP\\\\\\+\~\'k^\k\\l\1k^׵k^\ pLc\1\qNX\՘\z		m\1EWX{B\o\\ޥML\\l\\l\\l\\l\\l\\l\\l\\l\\l\\l\\l\\l\\l\\l\\l\\l\\l\\l\\l\\l\\l\\l\\\\\0H$\%^==y\\\\\\\\\Ϸg>\}i\\\g\϶c>\}y\\\\\\g\Ϸo>\=9\3\\Oo>\}y\\\\Ϸi>\=\?_\\0\0\8!HR!Hh>i\nB)\nB)\nB)\nB)\nB)\nB)\nB)\nB)\nB)\nB)\nB2\nB)\nB8\\\\U2H+\\\]\rW\5?\r\`,\1g#\2\\\\^=Mt\\l&G\\Hj`U)Z\"JU2\\\ǭ\\\\Zl\698\V\	n?DU0R\P<\0\',NULL,'GENERICO','GENERICO','S/S',15,987,87,10,5,333,'PC de PRUEBA2, COLOR: gris, s/DVD.',0);
/*!40000 ALTER TABLE `activo_dat` ENABLE KEYS */;
UNLOCK TABLES;

--
-- Table structure for table `adicion_dat`
--

DROP TABLE IF EXISTS `adicion_dat`;
/*!40101 SET @saved_cs_client     = @@character_set_client */;
/*!50503 SET character_set_client = utf8mb4 */;
CREATE TABLE `adicion_dat` (
  `codigo_activo` varchar(10) CHARACTER SET utf8mb4 COLLATE utf8mb4_0900_ai_ci NOT NULL,
  `fecha` date NOT NULL,
  `descripcion1` varchar(100) DEFAULT NULL,
  `descripcion2` varchar(100) DEFAULT NULL,
  `descripcion3` varchar(100) DEFAULT NULL,
  `descripcion4` varchar(100) DEFAULT NULL,
  PRIMARY KEY (`codigo_activo`,`fecha`),
  CONSTRAINT `fk_adicion_articulo` FOREIGN KEY (`codigo_activo`) REFERENCES `activo_dat` (`codigo_activo`) ON DELETE RESTRICT ON UPDATE RESTRICT
) ENGINE=InnoDB DEFAULT CHARSET=utf8mb4 COLLATE=utf8mb4_0900_ai_ci;
/*!40101 SET character_set_client = @saved_cs_client */;

--
-- Dumping data for table `adicion_dat`
--

LOCK TABLES `adicion_dat` WRITE;
/*!40000 ALTER TABLE `adicion_dat` DISABLE KEYS */;
/*!40000 ALTER TABLE `adicion_dat` ENABLE KEYS */;
UNLOCK TABLES;

--
-- Table structure for table `articulo_dat`
--

DROP TABLE IF EXISTS `articulo_dat`;
/*!40101 SET @saved_cs_client     = @@character_set_client */;
/*!50503 SET character_set_client = utf8mb4 */;
CREATE TABLE `articulo_dat` (
  `codigo_articulo` varchar(10) NOT NULL,
  `depre_acum` float DEFAULT NULL,
  `depre_anual` float DEFAULT NULL,
  `descripcion` varchar(100) DEFAULT NULL,
  `desincorporado` tinyint DEFAULT NULL,
  `imagen` tinyblob,
  `marca` varchar(255) DEFAULT NULL,
  `modelo` varchar(255) DEFAULT NULL,
  `nro_compra` varchar(255) DEFAULT NULL,
  `serial` varchar(255) DEFAULT NULL,
  `valor_inicial` float DEFAULT NULL,
  `valor_libro` float DEFAULT NULL,
  `valor_rescate` float DEFAULT NULL,
  `vida_util` tinyint DEFAULT NULL,
  `codigo_ubic` varchar(20) DEFAULT NULL,
  PRIMARY KEY (`codigo_articulo`),
  UNIQUE KEY `UK_i2omo7wxb1m5rpe5wv0p0ss3` (`codigo_ubic`),
  CONSTRAINT `FKrnrs75pbwpqfdhvsb2hobqrg3` FOREIGN KEY (`codigo_ubic`) REFERENCES `ubicacion_dat` (`codigo_ubic`)
) ENGINE=InnoDB DEFAULT CHARSET=utf8mb4 COLLATE=utf8mb4_0900_ai_ci;
/*!40101 SET character_set_client = @saved_cs_client */;

--
-- Dumping data for table `articulo_dat`
--

LOCK TABLES `articulo_dat` WRITE;
/*!40000 ALTER TABLE `articulo_dat` DISABLE KEYS */;
/*!40000 ALTER TABLE `articulo_dat` ENABLE KEYS */;
UNLOCK TABLES;

--
-- Table structure for table `contacto_dat`
--

DROP TABLE IF EXISTS `contacto_dat`;
/*!40101 SET @saved_cs_client     = @@character_set_client */;
/*!50503 SET character_set_client = utf8mb4 */;
CREATE TABLE `contacto_dat` (
  `codigo` int NOT NULL,
  `nombre` varchar(255) DEFAULT NULL,
  PRIMARY KEY (`codigo`)
) ENGINE=InnoDB DEFAULT CHARSET=utf8mb4 COLLATE=utf8mb4_0900_ai_ci;
/*!40101 SET character_set_client = @saved_cs_client */;

--
-- Dumping data for table `contacto_dat`
--

LOCK TABLES `contacto_dat` WRITE;
/*!40000 ALTER TABLE `contacto_dat` DISABLE KEYS */;
INSERT INTO `contacto_dat` VALUES (10,'PRUEBA ARTICULO 10'),(20,'PRUEBA ARTICULO 20');
/*!40000 ALTER TABLE `contacto_dat` ENABLE KEYS */;
UNLOCK TABLES;

--
-- Table structure for table `empleado_dat`
--

DROP TABLE IF EXISTS `empleado_dat`;
/*!40101 SET @saved_cs_client     = @@character_set_client */;
/*!50503 SET character_set_client = utf8mb4 */;
CREATE TABLE `empleado_dat` (
  `id` int unsigned NOT NULL AUTO_INCREMENT,
  `dni` varchar(20) CHARACTER SET utf8mb4 COLLATE utf8mb4_0900_ai_ci NOT NULL,
  `nombre_completo` varchar(150) CHARACTER SET utf8mb4 COLLATE utf8mb4_0900_ai_ci NOT NULL,
  `email` varchar(150) NOT NULL,
  `fecha_nac` datetime(6) DEFAULT NULL,
  PRIMARY KEY (`id`),
  UNIQUE KEY `dni` (`dni`)
) ENGINE=InnoDB AUTO_INCREMENT=5 DEFAULT CHARSET=utf8mb4 COLLATE=utf8mb4_0900_ai_ci;
/*!40101 SET character_set_client = @saved_cs_client */;

--
-- Dumping data for table `empleado_dat`
--

LOCK TABLES `empleado_dat` WRITE;
/*!40000 ALTER TABLE `empleado_dat` DISABLE KEYS */;
INSERT INTO `empleado_dat` VALUES (1,'0101','HENRY PULGAR','hpulgar@gmail.com','1963-09-26 00:00:00.000000'),(2,'0102','DR CHAPATIN','chapatinDr@gmail.com','1954-01-19 00:00:00.000000'),(3,'0103','DON RAMON CHAVEZ','rChavez@psuv.com.ve','1945-03-31 00:00:00.000000'),(4,'0104','VALDOMIRO CANSADO','vValdomiro.cansado@hotmail.com.ve','1959-08-03 00:00:00.000000');
/*!40000 ALTER TABLE `empleado_dat` ENABLE KEYS */;
UNLOCK TABLES;

--
-- Table structure for table `mi_tabla`
--

DROP TABLE IF EXISTS `mi_tabla`;
/*!40101 SET @saved_cs_client     = @@character_set_client */;
/*!50503 SET character_set_client = utf8mb4 */;
CREATE TABLE `mi_tabla` (
  `id` int NOT NULL AUTO_INCREMENT,
  `nombre` varchar(255) NOT NULL,
  `archivo` blob,
  PRIMARY KEY (`id`)
) ENGINE=InnoDB DEFAULT CHARSET=utf8mb4 COLLATE=utf8mb4_0900_ai_ci;
/*!40101 SET character_set_client = @saved_cs_client */;

--
-- Dumping data for table `mi_tabla`
--

LOCK TABLES `mi_tabla` WRITE;
/*!40000 ALTER TABLE `mi_tabla` DISABLE KEYS */;
/*!40000 ALTER TABLE `mi_tabla` ENABLE KEYS */;
UNLOCK TABLES;

--
-- Table structure for table `temp_dat`
--

DROP TABLE IF EXISTS `temp_dat`;
/*!40101 SET @saved_cs_client     = @@character_set_client */;
/*!50503 SET character_set_client = utf8mb4 */;
CREATE TABLE `temp_dat` (
  `codigo_activo` varchar(15) CHARACTER SET utf8mb4 COLLATE utf8mb4_0900_ai_ci NOT NULL,
  `descripcion` varchar(100) CHARACTER SET utf8mb4 COLLATE utf8mb4_0900_ai_ci NOT NULL,
  `codigo_ubic` varchar(255) CHARACTER SET utf8mb4 COLLATE utf8mb4_0900_ai_ci NOT NULL,
  `imagen` tinyblob,
  `nro_compra` varchar(255) DEFAULT NULL,
  `marca` varchar(255) DEFAULT NULL,
  `modelo` varchar(255) DEFAULT NULL,
  `serial` varchar(255) DEFAULT NULL,
  `vida_util` tinyint DEFAULT '0',
  `valor_inicial` float DEFAULT NULL,
  `valor_rescate` float DEFAULT NULL,
  `valor_libro` float DEFAULT NULL,
  `depre_anual` float DEFAULT NULL,
  `depre_acum` float DEFAULT NULL,
  `observacion` varchar(255) DEFAULT NULL,
  `desincorporado` tinyint DEFAULT '0',
  PRIMARY KEY (`codigo_activo`),
  KEY `codigoUbic` (`codigo_ubic`) USING BTREE
) ENGINE=InnoDB DEFAULT CHARSET=utf8mb4 COLLATE=utf8mb4_0900_ai_ci;
/*!40101 SET character_set_client = @saved_cs_client */;

--
-- Dumping data for table `temp_dat`
--

LOCK TABLES `temp_dat` WRITE;
/*!40000 ALTER TABLE `temp_dat` DISABLE KEYS */;
INSERT INTO `temp_dat` VALUES ('LAP-INF-01','LAPTOP COMPAQ \'Presario\'','INFORMATICA',NULL,'0019920119*','COMPAQ','PRESARIO','IBM00000000CP',0,0,0,0,0,0,NULL,0),('PC-ALMACEN-01','PC GENERICO 01','ALMACEN-SUP-RP',NULL,'S/N','S/M','DESKTOP','S/S',0,0,0,0,0,0,'COLOR NEGRO.POSEE UNIDAD DE DVD',0),('PC-DIRG-01','PC PREDIDENCIA 01','OFIC-DIR-GEN',NULL,NULL,'MARCA HEWLETT PACKARD','ELITE 8300 ','0123456789*',0,NULL,NULL,NULL,NULL,NULL,NULL,0),('PC-DRED-01','PC GENERICPO 01','OFIC-DIS-REDES',NULL,'S/N','S/M','DESKTOP','S/S',0,0,0,0,0,0,NULL,0),('PC-INF-01','COMPUTADORA PERSONAL GENERICO TIPO DESKTOP. COLOR NEGRO. CAGE DE NOMBRE \'AITEG\'. ','INFORMATICA',NULL,'20111231','S/M','GENERICO','S/S',0,0,0,0,0,0,NULL,0),('PC-INF-02','PC GENERICO 02 (OIF-CP02)','INFORMATICA',NULL,'S/N','GENERICO','DESKTOP','S/S',0,NULL,NULL,NULL,NULL,NULL,'COLOR NEGRO / POSEE UNIDAD DE DVD',0),('PC-MNTPRD-01','PC GENERICO 01','OFIC-MNT-PROD',NULL,'S/N','S/M','DESKTOP','S/S',0,0,0,0,0,0,NULL,0),('PC-MNTPRD-02','PC GENERICO 02','OFIC-MNT-PROD',NULL,'S/N','S/M','DESKTOP','S/S',0,0,0,0,0,0,NULL,0),('PC-VEN-01','COMPUTADOR GENERICO COLOR NEGRO. c/Windows 10 Pro','VENTAS',NULL,'S/N','S/M','GENERICO','S/S',0,0,0,0,0,0,NULL,0),('SERVER-HP-01','COMPUTADOR SERVER HP 9000 rp 2430','INFORMATICA',NULL,'(pendiente)','HEWLETT PACKARD','HP 9000 rp2430','(pendiente)',0,0,0,0,0,0,NULL,0),('SERVER-HP-02','COMPUTADOR SERVER SONIC (Oracle Enterprise Linux)','INFORMATICA',NULL,'(pendiente)','GENERICO','S/M','S/S',0,NULL,NULL,NULL,NULL,NULL,NULL,0),('VIB-SAL-01','VIDEO BEAM ','ADMINISTRACION',NULL,'S/N','EPSON','S/M','11223344556677',NULL,NULL,NULL,NULL,NULL,NULL,NULL,0);
/*!40000 ALTER TABLE `temp_dat` ENABLE KEYS */;
UNLOCK TABLES;

--
-- Table structure for table `ubicacion_dat`
--

DROP TABLE IF EXISTS `ubicacion_dat`;
/*!40101 SET @saved_cs_client     = @@character_set_client */;
/*!50503 SET character_set_client = utf8mb4 */;
CREATE TABLE `ubicacion_dat` (
  `codigo_ubic` varchar(255) NOT NULL,
  `descripcion` varchar(255) NOT NULL,
  PRIMARY KEY (`codigo_ubic`)
) ENGINE=InnoDB DEFAULT CHARSET=utf8mb4 COLLATE=utf8mb4_0900_ai_ci;
/*!40101 SET character_set_client = @saved_cs_client */;

--
-- Dumping data for table `ubicacion_dat`
--

LOCK TABLES `ubicacion_dat` WRITE;
/*!40000 ALTER TABLE `ubicacion_dat` DISABLE KEYS */;
INSERT INTO `ubicacion_dat` VALUES ('ADMINISTRACION','SALA DE CONFERENCIA'),('ALMACEN-SUP-RP','ALMACEN DE SUPLIDOS Y REPUESTOS'),('CONTROL-CALIDAD','DEPARTAMENTO DE CTRL. CALIDAD'),('ELIMINAME','OFICINA DE PRUEBA'),('INFORMATICA','DEPARTAMENTO DE INFORMATICA'),('OFIC-CONTADOR','OFICINA DEL CONTADOR'),('OFIC-DIR-GEN','OFICINA DIRECCION GENERAL'),('OFIC-DIS-REDES','OFICINA DE DISEÑO Y REDES'),('OFIC-MNT-PROD','OFICINA DE MANTENIMIENTO Y PRODUCCION'),('VENTAS','DEPARTAMENTO DE VENTAS');
/*!40000 ALTER TABLE `ubicacion_dat` ENABLE KEYS */;
UNLOCK TABLES;
/*!40103 SET TIME_ZONE=@OLD_TIME_ZONE */;

/*!40101 SET SQL_MODE=@OLD_SQL_MODE */;
/*!40014 SET FOREIGN_KEY_CHECKS=@OLD_FOREIGN_KEY_CHECKS */;
/*!40014 SET UNIQUE_CHECKS=@OLD_UNIQUE_CHECKS */;
/*!40101 SET CHARACTER_SET_CLIENT=@OLD_CHARACTER_SET_CLIENT */;
/*!40101 SET CHARACTER_SET_RESULTS=@OLD_CHARACTER_SET_RESULTS */;
/*!40101 SET COLLATION_CONNECTION=@OLD_COLLATION_CONNECTION */;
/*!40111 SET SQL_NOTES=@OLD_SQL_NOTES */;

-- Dump completed on 2023-09-08 15:35:34
